9.00093408059781e-01,3.17093674939952e-01,4.26674673071791e-01,3.44222044302108e-01,2.66599946623966e-01,2.19695756605284e-01,3.01481184947958e-01,3.45062716840139e-01,2.85948759007206e-01,2.86629303442754e-01,1.94609020549773e-01,5.36429143314652e-02,0.00000000000000e+00,3.89277990516061e-02,1.55036606416539e-01,1.80135314775500e-01,2.89855360012698e-01,2.24182059879764e-01,2.42455506835182e-01,3.03565405448305e-01,2.83407075256443e-01,4.23820955933414e-01,4.01341243229301e-01,4.55625880438880e-01,5.80722410696468e-02,2.60826182398723e-02,1.52085412093395e-01,7.99840351227300e-02,1.76032727998403e-01,1.83376571542606e-01,2.92516463779685e-01,3.88405507882658e-01,2.60027938535222e-01,3.47315905008980e-01,3.44122929554979e-01,2.43723807623229e-01,6.69335468374700e-01,2.64198025086736e-01,2.32292500667200e-01,3.56458500133440e-01,3.60608486789432e-01,2.87042967707499e-01
3.17093674939952e-01,4.26674673071791e-01,3.44222044302108e-01,2.66599946623966e-01,2.19695756605284e-01,3.01481184947958e-01,3.45062716840139e-01,2.85948759007206e-01,2.86629303442754e-01,1.94609020549773e-01,5.36429143314652e-02,6.69335468374700e-01,3.89277990516061e-02,1.55036606416539e-01,1.80135314775500e-01,2.89855360012698e-01,2.24182059879764e-01,2.42455506835182e-01,3.03565405448305e-01,2.83407075256443e-01,4.23820955933414e-01,4.01341243229301e-01,4.55625880438880e-01,4.80367453026726e-01,2.60826182398723e-02,1.52085412093395e-01,7.99840351227300e-02,1.76032727998403e-01,1.83376571542606e-01,2.92516463779685e-01,3.88405507882658e-01,2.60027938535222e-01,3.47315905008980e-01,3.44122929554979e-01,2.43723807623229e-01,3.62801835960886e-01,2.64198025086736e-01,2.32292500667200e-01,3.56458500133440e-01,3.60608486789432e-01,2.87042967707499e-01,3.76501200960769e-01
4.26674673071791e-01,3.44222044302108e-01,2.66599946623966e-01,2.19695756605284e-01,3.01481184947958e-01,3.45062716840139e-01,2.85948759007206e-01,2.86629303442754e-01,1.94609020549773e-01,5.36429143314652e-02,6.69335468374700e-01,2.64198025086736e-01,1.55036606416539e-01,1.80135314775500e-01,2.89855360012698e-01,2.24182059879764e-01,2.42455506835182e-01,3.03565405448305e-01,2.83407075256443e-01,4.23820955933414e-01,4.01341243229301e-01,4.55625880438880e-01,4.80367453026726e-01,3.62512648558560e-01,1.52085412093395e-01,7.99840351227300e-02,1.76032727998403e-01,1.83376571542606e-01,2.92516463779685e-01,3.88405507882658e-01,2.60027938535222e-01,3.47315905008980e-01,3.44122929554979e-01,2.43723807623229e-01,3.62801835960886e-01,3.08920375174616e-01,2.32292500667200e-01,3.56458500133440e-01,3.60608486789432e-01,2.87042967707499e-01,3.76501200960769e-01,3.02708833733654e-01
3.44222044302108e-01,2.66599946623966e-01,2.19695756605284e-01,3.01481184947958e-01,3.45062716840139e-01,2.85948759007206e-01,2.86629303442754e-01,1.94609020549773e-01,5.36429143314652e-02,6.69335468374700e-01,2.64198025086736e-01,2.32292500667200e-01,1.80135314775500e-01,2.89855360012698e-01,2.24182059879764e-01,2.42455506835182e-01,3.03565405448305e-01,2.83407075256443e-01,4.23820955933414e-01,4.01341243229301e-01,4.55625880438880e-01,4.80367453026726e-01,3.62512648558560e-01,3.16084998313526e-01,7.99840351227300e-02,1.76032727998403e-01,1.83376571542606e-01,2.92516463779685e-01,3.88405507882658e-01,2.60027938535222e-01,3.47315905008980e-01,3.44122929554979e-01,2.43723807623229e-01,3.62801835960886e-01,3.08920375174616e-01,2.99940131710237e-01,3.56458500133440e-01,3.60608486789432e-01,2.87042967707499e-01,3.76501200960769e-01,3.02708833733654e-01,3.48331998932479e-01
2.66599946623966e-01,2.19695756605284e-01,3.01481184947958e-01,3.45062716840139e-01,2.85948759007206e-01,2.86629303442754e-01,1.94609020549773e-01,5.36429143314652e-02,6.69335468374700e-01,2.64198025086736e-01,2.32292500667200e-01,3.56458500133440e-01,2.89855360012698e-01,2.24182059879764e-01,2.42455506835182e-01,3.03565405448305e-01,2.83407075256443e-01,4.23820955933414e-01,4.01341243229301e-01,4.55625880438880e-01,4.80367453026726e-01,3.62512648558560e-01,3.16084998313526e-01,4.84732445784806e-01,1.76032727998403e-01,1.83376571542606e-01,2.92516463779685e-01,3.88405507882658e-01,2.60027938535222e-01,3.47315905008980e-01,3.44122929554979e-01,2.43723807623229e-01,3.62801835960886e-01,3.08920375174616e-01,2.99940131710237e-01,4.53003392536420e-01,3.60608486789432e-01,2.87042967707499e-01,3.76501200960769e-01,3.02708833733654e-01,3.48331998932479e-01,3.00894048572191e-01
2.19695756605284e-01,3.01481184947958e-01,3.45062716840139e-01,2.85948759007206e-01,2.86629303442754e-01,1.94609020549773e-01,5.36429143314652e-02,6.69335468374700e-01,2.64198025086736e-01,2.32292500667200e-01,3.56458500133440e-01,3.60608486789432e-01,2.24182059879764e-01,2.42455506835182e-01,3.03565405448305e-01,2.83407075256443e-01,4.23820955933414e-01,4.01341243229301e-01,4.55625880438880e-01,4.80367453026726e-01,3.62512648558560e-01,3.16084998313526e-01,4.84732445784806e-01,5.65881629332751e-01,1.83376571542606e-01,2.92516463779685e-01,3.88405507882658e-01,2.60027938535222e-01,3.47315905008980e-01,3.44122929554979e-01,2.43723807623229e-01,3.62801835960886e-01,3.08920375174616e-01,2.99940131710237e-01,4.53003392536420e-01,5.06884853322690e-01,2.87042967707499e-01,3.76501200960769e-01,3.02708833733654e-01,3.48331998932479e-01,3.00894048572191e-01,1.50680544435548e-01
3.01481184947958e-01,3.45062716840139e-01,2.85948759007206e-01,2.86629303442754e-01,1.94609020549773e-01,5.36429143314652e-02,6.69335468374700e-01,2.64198025086736e-01,2.32292500667200e-01,3.56458500133440e-01,3.60608486789432e-01,2.87042967707499e-01,2.42455506835182e-01,3.03565405448305e-01,2.83407075256443e-01,4.23820955933414e-01,4.01341243229301e-01,4.55625880438880e-01,4.80367453026726e-01,3.62512648558560e-01,3.16084998313526e-01,4.84732445784806e-01,5.65881629332751e-01,3.97234181861471e-01,2.92516463779685e-01,3.88405507882658e-01,2.60027938535222e-01,3.47315905008980e-01,3.44122929554979e-01,2.43723807623229e-01,3.62801835960886e-01,3.08920375174616e-01,2.99940131710237e-01,4.53003392536420e-01,5.06884853322690e-01,5.06286170425065e-01,3.76501200960769e-01,3.02708833733654e-01,3.48331998932479e-01,3.00894048572191e-01,1.50680544435548e-01,0.00000000000000e+00
3.45062716840139e-01,2.85948759007206e-01,2.86629303442754e-01,1.94609020549773e-01,5.36429143314652e-02,6.69335468374700e-01,2.64198025086736e-01,2.32292500667200e-01,3.56458500133440e-01,3.60608486789432e-01,2.87042967707499e-01,3.76501200960769e-01,3.03565405448305e-01,2.83407075256443e-01,4.23820955933414e-01,4.01341243229301e-01,4.55625880438880e-01,4.80367453026726e-01,3.62512648558560e-01,3.16084998313526e-01,4.84732445784806e-01,5.65881629332751e-01,3.97234181861471e-01,7.24152298565505e-01,3.88405507882658e-01,2.60027938535222e-01,3.47315905008980e-01,3.44122929554979e-01,2.43723807623229e-01,3.62801835960886e-01,3.08920375174616e-01,2.99940131710237e-01,4.53003392536420e-01,5.06884853322690e-01,5.06286170425065e-01,6.74176811015765e-01,3.02708833733654e-01,3.48331998932479e-01,3.00894048572191e-01,1.50680544435548e-01,0.00000000000000e+00,5.68388043768348e-01
2.85948759007206e-01,2.86629303442754e-01,1.94609020549773e-01,5.36429143314652e-02,6.69335468374700e-01,2.64198025086736e-01,2.32292500667200e-01,3.56458500133440e-01,3.60608486789432e-01,2.87042967707499e-01,3.76501200960769e-01,3.02708833733654e-01,2.83407075256443e-01,4.23820955933414e-01,4.01341243229301e-01,4.55625880438880e-01,4.80367453026726e-01,3.62512648558560e-01,3.16084998313526e-01,4.84732445784806e-01,5.65881629332751e-01,3.97234181861471e-01,7.24152298565505e-01,7.98813515604849e-01,2.60027938535222e-01,3.47315905008980e-01,3.44122929554979e-01,2.43723807623229e-01,3.62801835960886e-01,3.08920375174616e-01,2.99940131710237e-01,4.53003392536420e-01,5.06884853322690e-01,5.06286170425065e-01,6.74176811015765e-01,4.97305926960686e-01,3.48331998932479e-01,3.00894048572191e-01,1.50680544435548e-01,0.00000000000000e+00,5.68388043768348e-01,2.01414464905258e-01
2.86629303442754e-01,1.94609020549773e-01,5.36429143314652e-02,6.69335468374700e-01,2.64198025086736e-01,2.32292500667200e-01,3.56458500133440e-01,3.60608486789432e-01,2.87042967707499e-01,3.76501200960769e-01,3.02708833733654e-01,3.48331998932479e-01,4.23820955933414e-01,4.01341243229301e-01,4.55625880438880e-01,4.80367453026726e-01,3.62512648558560e-01,3.16084998313526e-01,4.84732445784806e-01,5.65881629332751e-01,3.97234181861471e-01,7.24152298565505e-01,7.98813515604849e-01,7.12505704251900e-01,3.47315905008980e-01,3.44122929554979e-01,2.43723807623229e-01,3.62801835960886e-01,3.08920375174616e-01,2.99940131710237e-01,4.53003392536420e-01,5.06884853322690e-01,5.06286170425065e-01,6.74176811015765e-01,4.97305926960686e-01,5.29036120534823e-01,3.00894048572191e-01,1.50680544435548e-01,0.00000000000000e+00,5.68388043768348e-01,2.01414464905258e-01,2.14104617026955e-01
1.94609020549773e-01,5.36429143314652e-02,6.69335468374700e-01,2.64198025086736e-01,2.32292500667200e-01,3.56458500133440e-01,3.60608486789432e-01,2.87042967707499e-01,3.76501200960769e-01,3.02708833733654e-01,3.48331998932479e-01,3.00894048572191e-01,4.01341243229301e-01,4.55625880438880e-01,4.80367453026726e-01,3.62512648558560e-01,3.16084998313526e-01,4.84732445784806e-01,5.65881629332751e-01,3.97234181861471e-01,7.24152298565505e-01,7.98813515604849e-01,7.12505704251900e-01,5.70246622090832e-01,3.44122929554979e-01,2.43723807623229e-01,3.62801835960886e-01,3.08920375174616e-01,2.99940131710237e-01,4.53003392536420e-01,5.06884853322690e-01,5.06286170425065e-01,6.74176811015765e-01,4.97305926960686e-01,5.29036120534823e-01,4.92915585711435e-01,1.50680544435548e-01,0.00000000000000e+00,5.68388043768348e-01,2.01414464905258e-01,2.14104617026955e-01,2.12436615959434e-01
5.36429143314652e-02,6.69335468374700e-01,2.64198025086736e-01,2.32292500667200e-01,3.56458500133440e-01,3.60608486789432e-01,2.87042967707499e-01,3.76501200960769e-01,3.02708833733654e-01,3.48331998932479e-01,3.00894048572191e-01,1.50680544435548e-01,4.55625880438880e-01,4.80367453026726e-01,3.62512648558560e-01,3.16084998313526e-01,4.84732445784806e-01,5.65881629332751e-01,3.97234181861471e-01,7.24152298565505e-01,7.98813515604849e-01,7.12505704251900e-01,5.70246622090832e-01,3.39298823436043e-01,2.43723807623229e-01,3.62801835960886e-01,3.08920375174616e-01,2.99940131710237e-01,4.53003392536420e-01,5.06884853322690e-01,5.06286170425065e-01,6.74176811015765e-01,4.97305926960686e-01,5.29036120534823e-01,4.92915585711435e-01,2.96747156256236e-01,0.00000000000000e+00,5.68388043768348e-01,2.01414464905258e-01,2.14104617026955e-01,2.12436615959434e-01,2.17961035495063e-01
6.69335468374700e-01,2.64198025086736e-01,2.32292500667200e-01,3.56458500133440e-01,3.60608486789432e-01,2.87042967707499e-01,3.76501200960769e-01,3.02708833733654e-01,3.48331998932479e-01,3.00894048572191e-01,1.50680544435548e-01,0.00000000000000e+00,4.80367453026726e-01,3.62512648558560e-01,3.16084998313526e-01,4.84732445784806e-01,5.65881629332751e-01,3.97234181861471e-01,7.24152298565505e-01,7.98813515604849e-01,7.12505704251900e-01,5.70246622090832e-01,3.39298823436043e-01,1.84738398047658e-01,3.62801835960886e-01,3.08920375174616e-01,2.99940131710237e-01,4.53003392536420e-01,5.06884853322690e-01,5.06286170425065e-01,6.74176811015765e-01,4.97305926960686e-01,5.29036120534823e-01,4.92915585711435e-01,2.96747156256236e-01,1.59349431251247e-01,5.68388043768348e-01,2.01414464905258e-01,2.14104617026955e-01,2.12436615959434e-01,2.17961035495063e-01,2.48852415265546e-01
2.64198025086736e-01,2.32292500667200e-01,3.56458500133440e-01,3.60608486789432e-01,2.87042967707499e-01,3.76501200960769e-01,3.02708833733654e-01,3.48331998932479e-01,3.00894048572191e-01,1.50680544435548e-01,0.00000000000000e+00,5.68388043768348e-01,3.62512648558560e-01,3.16084998313526e-01,4.84732445784806e-01,5.65881629332751e-01,3.97234181861471e-01,7.24152298565505e-01,7.98813515604849e-01,7.12505704251900e-01,5.70246622090832e-01,3.39298823436043e-01,1.84738398047658e-01,6.76772286264161e-02,3.08920375174616e-01,2.99940131710237e-01,4.53003392536420e-01,5.06884853322690e-01,5.06286170425065e-01,6.74176811015765e-01,4.97305926960686e-01,5.29036120534823e-01,4.92915585711435e-01,2.96747156256236e-01,1.59349431251247e-01,1.98164039113949e-02,2.01414464905258e-01,2.14104617026955e-01,2.12436615959434e-01,2.17961035495063e-01,2.48852415265546e-01,2.84881238323993e-01
2.32292500667200e-01,3.56458500133440e-01,3.60608486789432e-01,2.87042967707499e-01,3.76501200960769e-01,3.02708833733654e-01,3.48331998932479e-01,3.00894048572191e-01,1.50680544435548e-01,0.00000000000000e+00,5.68388043768348e-01,2.01414464905258e-01,3.16084998313526e-01,4.84732445784806e-01,5.65881629332751e-01,3.97234181861471e-01,7.24152298565505e-01,7.98813515604849e-01,7.12505704251900e-01,5.70246622090832e-01,3.39298823436043e-01,1.84738398047658e-01,6.76772286264161e-02,1.09521636475467e-01,2.99940131710237e-01,4.53003392536420e-01,5.06884853322690e-01,5.06286170425065e-01,6.74176811015765e-01,4.97305926960686e-01,5.29036120534823e-01,4.92915585711435e-01,2.96747156256236e-01,1.59349431251247e-01,1.98164039113949e-02,5.58770704450210e-04,2.14104617026955e-01,2.12436615959434e-01,2.17961035495063e-01,2.48852415265546e-01,2.84881238323993e-01,2.44715772618094e-01
3.56458500133440e-01,3.60608486789432e-01,2.87042967707499e-01,3.76501200960769e-01,3.02708833733654e-01,3.48331998932479e-01,3.00894048572191e-01,1.50680544435548e-01,0.00000000000000e+00,5.68388043768348e-01,2.01414464905258e-01,2.14104617026955e-01,4.84732445784806e-01,5.65881629332751e-01,3.97234181861471e-01,7.24152298565505e-01,7.98813515604849e-01,7.12505704251900e-01,5.70246622090832e-01,3.39298823436043e-01,1.84738398047658e-01,6.76772286264161e-02,1.09521636475467e-01,1.59302394793754e-01,4.53003392536420e-01,5.06884853322690e-01,5.06286170425065e-01,6.74176811015765e-01,4.97305926960686e-01,5.29036120534823e-01,4.92915585711435e-01,2.96747156256236e-01,1.59349431251247e-01,1.98164039113949e-02,5.58770704450210e-04,4.48413490321293e-02,2.12436615959434e-01,2.17961035495063e-01,2.48852415265546e-01,2.84881238323993e-01,2.44715772618094e-01,2.77034961302375e-01
3.60608486789432e-01,2.87042967707499e-01,3.76501200960769e-01,3.02708833733654e-01,3.48331998932479e-01,3.00894048572191e-01,1.50680544435548e-01,0.00000000000000e+00,5.68388043768348e-01,2.01414464905258e-01,2.14104617026955e-01,2.12436615959434e-01,5.65881629332751e-01,3.97234181861471e-01,7.24152298565505e-01,7.98813515604849e-01,7.12505704251900e-01,5.70246622090832e-01,3.39298823436043e-01,1.84738398047658e-01,6.76772286264161e-02,1.09521636475467e-01,1.59302394793754e-01,3.37116327057003e-01,5.06884853322690e-01,5.06286170425065e-01,6.74176811015765e-01,4.97305926960686e-01,5.29036120534823e-01,4.92915585711435e-01,2.96747156256236e-01,1.59349431251247e-01,1.98164039113949e-02,5.58770704450210e-04,4.48413490321293e-02,2.57433645978847e-02,2.17961035495063e-01,2.48852415265546e-01,2.84881238323993e-01,2.44715772618094e-01,2.77034961302375e-01,2.14491593274620e-01
2.87042967707499e-01,3.76501200960769e-01,3.02708833733654e-01,3.48331998932479e-01,3.00894048572191e-01,1.50680544435548e-01,0.00000000000000e+00,5.68388043768348e-01,2.01414464905258e-01,2.14104617026955e-01,2.12436615959434e-01,2.17961035495063e-01,3.97234181861471e-01,7.24152298565505e-01,7.98813515604849e-01,7.12505704251900e-01,5.70246622090832e-01,3.39298823436043e-01,1.84738398047658e-01,6.76772286264161e-02,1.09521636475467e-01,1.59302394793754e-01,3.37116327057003e-01,3.47036765143549e-01,5.06286170425065e-01,6.74176811015765e-01,4.97305926960686e-01,5.29036120534823e-01,4.92915585711435e-01,2.96747156256236e-01,1.59349431251247e-01,1.98164039113949e-02,5.58770704450210e-04,4.48413490321293e-02,2.57433645978847e-02,0.00000000000000e+00,2.48852415265546e-01,2.84881238323993e-01,2.44715772618094e-01,2.77034961302375e-01,2.14491593274620e-01,1.94568988524153e-01
3.76501200960769e-01,3.02708833733654e-01,3.48331998932479e-01,3.00894048572191e-01,1.50680544435548e-01,0.00000000000000e+00,5.68388043768348e-01,2.01414464905258e-01,2.14104617026955e-01,2.12436615959434e-01,2.17961035495063e-01,2.48852415265546e-01,7.24152298565505e-01,7.98813515604849e-01,7.12505704251900e-01,5.70246622090832e-01,3.39298823436043e-01,1.84738398047658e-01,6.76772286264161e-02,1.09521636475467e-01,1.59302394793754e-01,3.37116327057003e-01,3.47036765143549e-01,3.51600166663360e-01,6.74176811015765e-01,4.97305926960686e-01,5.29036120534823e-01,4.92915585711435e-01,2.96747156256236e-01,1.59349431251247e-01,1.98164039113949e-02,5.58770704450210e-04,4.48413490321293e-02,2.57433645978847e-02,0.00000000000000e+00,1.94172819796448e-01,2.84881238323993e-01,2.44715772618094e-01,2.77034961302375e-01,2.14491593274620e-01,1.94568988524153e-01,4.77582065652522e-02
3.02708833733654e-01,3.48331998932479e-01,3.00894048572191e-01,1.50680544435548e-01,0.00000000000000e+00,5.68388043768348e-01,2.01414464905258e-01,2.14104617026955e-01,2.12436615959434e-01,2.17961035495063e-01,2.48852415265546e-01,2.84881238323993e-01,7.98813515604849e-01,7.12505704251900e-01,5.70246622090832e-01,3.39298823436043e-01,1.84738398047658e-01,6.76772286264161e-02,1.09521636475467e-01,1.59302394793754e-01,3.37116327057003e-01,3.47036765143549e-01,3.51600166663360e-01,2.98823436042936e-01,4.97305926960686e-01,5.29036120534823e-01,4.92915585711435e-01,2.96747156256236e-01,1.59349431251247e-01,1.98164039113949e-02,5.58770704450210e-04,4.48413490321293e-02,2.57433645978847e-02,0.00000000000000e+00,1.94172819796448e-01,1.83596088605069e-01,2.44715772618094e-01,2.77034961302375e-01,2.14491593274620e-01,1.94568988524153e-01,4.77582065652522e-02,6.24646383773686e-01
3.48331998932479e-01,3.00894048572191e-01,1.50680544435548e-01,0.00000000000000e+00,5.68388043768348e-01,2.01414464905258e-01,2.14104617026955e-01,2.12436615959434e-01,2.17961035495063e-01,2.48852415265546e-01,2.84881238323993e-01,2.44715772618094e-01,7.12505704251900e-01,5.70246622090832e-01,3.39298823436043e-01,1.84738398047658e-01,6.76772286264161e-02,1.09521636475467e-01,1.59302394793754e-01,3.37116327057003e-01,3.47036765143549e-01,3.51600166663360e-01,2.98823436042936e-01,2.98803595166763e-01,5.29036120534823e-01,4.92915585711435e-01,2.96747156256236e-01,1.59349431251247e-01,1.98164039113949e-02,5.58770704450210e-04,4.48413490321293e-02,2.57433645978847e-02,0.00000000000000e+00,1.94172819796448e-01,1.83596088605069e-01,1.83516264218719e-01,2.77034961302375e-01,2.14491593274620e-01,1.94568988524153e-01,4.77582065652522e-02,6.24646383773686e-01,2.70149452895650e-01
3.00894048572191e-01,1.50680544435548e-01,0.00000000000000e+00,5.68388043768348e-01,2.01414464905258e-01,2.14104617026955e-01,2.12436615959434e-01,2.17961035495063e-01,2.48852415265546e-01,2.84881238323993e-01,2.44715772618094e-01,2.77034961302375e-01,5.70246622090832e-01,3.39298823436043e-01,1.84738398047658e-01,6.76772286264161e-02,1.09521636475467e-01,1.59302394793754e-01,3.37116327057003e-01,3.47036765143549e-01,3.51600166663360e-01,2.98823436042936e-01,2.98803595166763e-01,2.36523084859427e-01,4.92915585711435e-01,2.96747156256236e-01,1.59349431251247e-01,1.98164039113949e-02,5.58770704450210e-04,4.48413490321293e-02,2.57433645978847e-02,0.00000000000000e+00,1.94172819796448e-01,1.83596088605069e-01,1.83516264218719e-01,1.98563161045699e-01,2.14491593274620e-01,1.94568988524153e-01,4.77582065652522e-02,6.24646383773686e-01,2.70149452895650e-01,3.78983186549239e-01
1.50680544435548e-01,0.00000000000000e+00,5.68388043768348e-01,2.01414464905258e-01,2.14104617026955e-01,2.12436615959434e-01,2.17961035495063e-01,2.48852415265546e-01,2.84881238323993e-01,2.44715772618094e-01,2.77034961302375e-01,2.14491593274620e-01,3.39298823436043e-01,1.84738398047658e-01,6.76772286264161e-02,1.09521636475467e-01,1.59302394793754e-01,3.37116327057003e-01,3.47036765143549e-01,3.51600166663360e-01,2.98823436042936e-01,2.98803595166763e-01,2.36523084859427e-01,2.87653022757485e-01,2.96747156256236e-01,1.59349431251247e-01,1.98164039113949e-02,5.58770704450210e-04,4.48413490321293e-02,2.57433645978847e-02,0.00000000000000e+00,1.94172819796448e-01,1.83596088605069e-01,1.83516264218719e-01,1.98563161045699e-01,1.98902414687687e-01,1.94568988524153e-01,4.77582065652522e-02,6.24646383773686e-01,2.70149452895650e-01,3.78983186549239e-01,3.19455564451561e-01
0.00000000000000e+00,5.68388043768348e-01,2.01414464905258e-01,2.14104617026955e-01,2.12436615959434e-01,2.17961035495063e-01,2.48852415265546e-01,2.84881238323993e-01,2.44715772618094e-01,2.77034961302375e-01,2.14491593274620e-01,1.94568988524153e-01,1.84738398047658e-01,6.76772286264161e-02,1.09521636475467e-01,1.59302394793754e-01,3.37116327057003e-01,3.47036765143549e-01,3.51600166663360e-01,2.98823436042936e-01,2.98803595166763e-01,2.36523084859427e-01,2.87653022757485e-01,3.06442332493403e-01,1.59349431251247e-01,1.98164039113949e-02,5.58770704450210e-04,4.48413490321293e-02,2.57433645978847e-02,0.00000000000000e+00,1.94172819796448e-01,1.83596088605069e-01,1.83516264218719e-01,1.98563161045699e-01,1.98902414687687e-01,1.96787068449411e-01,4.77582065652522e-02,6.24646383773686e-01,2.70149452895650e-01,3.78983186549239e-01,3.19455564451561e-01,3.12076327728850e-01
5.68388043768348e-01,2.01414464905258e-01,2.14104617026955e-01,2.12436615959434e-01,2.17961035495063e-01,2.48852415265546e-01,2.84881238323993e-01,2.44715772618094e-01,2.77034961302375e-01,2.14491593274620e-01,1.94568988524153e-01,4.77582065652522e-02,6.76772286264161e-02,1.09521636475467e-01,1.59302394793754e-01,3.37116327057003e-01,3.47036765143549e-01,3.51600166663360e-01,2.98823436042936e-01,2.98803595166763e-01,2.36523084859427e-01,2.87653022757485e-01,3.06442332493403e-01,2.90192654907641e-01,1.98164039113949e-02,5.58770704450210e-04,4.48413490321293e-02,2.57433645978847e-02,0.00000000000000e+00,1.94172819796448e-01,1.83596088605069e-01,1.83516264218719e-01,1.98563161045699e-01,1.98902414687687e-01,1.96787068449411e-01,1.87248054280583e-01,6.24646383773686e-01,2.70149452895650e-01,3.78983186549239e-01,3.19455564451561e-01,3.12076327728850e-01,3.34547638110488e-01
2.01414464905258e-01,2.14104617026955e-01,2.12436615959434e-01,2.17961035495063e-01,2.48852415265546e-01,2.84881238323993e-01,2.44715772618094e-01,2.77034961302375e-01,2.14491593274620e-01,1.94568988524153e-01,4.77582065652522e-02,6.24646383773686e-01,1.09521636475467e-01,1.59302394793754e-01,3.37116327057003e-01,3.47036765143549e-01,3.51600166663360e-01,2.98823436042936e-01,2.98803595166763e-01,2.36523084859427e-01,2.87653022757485e-01,3.06442332493403e-01,2.90192654907641e-01,2.05174500505942e-01,5.58770704450210e-04,4.48413490321293e-02,2.57433645978847e-02,0.00000000000000e+00,1.94172819796448e-01,1.83596088605069e-01,1.83516264218719e-01,1.98563161045699e-01,1.98902414687687e-01,1.96787068449411e-01,1.87248054280583e-01,1.08960287367791e-01,2.70149452895650e-01,3.78983186549239e-01,3.19455564451561e-01,3.12076327728850e-01,3.34547638110488e-01,3.87256471844142e-01
2.14104617026955e-01,2.12436615959434e-01,2.17961035495063e-01,2.48852415265546e-01,2.84881238323993e-01,2.44715772618094e-01,2.77034961302375e-01,2.14491593274620e-01,1.94568988524153e-01,4.77582065652522e-02,6.24646383773686e-01,2.70149452895650e-01,1.59302394793754e-01,3.37116327057003e-01,3.47036765143549e-01,3.51600166663360e-01,2.98823436042936e-01,2.98803595166763e-01,2.36523084859427e-01,2.87653022757485e-01,3.06442332493403e-01,2.90192654907641e-01,2.05174500505942e-01,1.33132279121446e-01,4.48413490321293e-02,2.57433645978847e-02,0.00000000000000e+00,1.94172819796448e-01,1.83596088605069e-01,1.83516264218719e-01,1.98563161045699e-01,1.98902414687687e-01,1.96787068449411e-01,1.87248054280583e-01,1.08960287367791e-01,1.58870484933147e-01,3.78983186549239e-01,3.19455564451561e-01,3.12076327728850e-01,3.34547638110488e-01,3.87256471844142e-01,3.66026154256739e-01
2.12436615959434e-01,2.17961035495063e-01,2.48852415265546e-01,2.84881238323993e-01,2.44715772618094e-01,2.77034961302375e-01,2.14491593274620e-01,1.94568988524153e-01,4.77582065652522e-02,6.24646383773686e-01,2.70149452895650e-01,3.78983186549239e-01,3.37116327057003e-01,3.47036765143549e-01,3.51600166663360e-01,2.98823436042936e-01,2.98803595166763e-01,2.36523084859427e-01,2.87653022757485e-01,3.06442332493403e-01,2.90192654907641e-01,2.05174500505942e-01,1.33132279121446e-01,2.62951131921986e-01,2.57433645978847e-02,0.00000000000000e+00,1.94172819796448e-01,1.83596088605069e-01,1.83516264218719e-01,1.98563161045699e-01,1.98902414687687e-01,1.96787068449411e-01,1.87248054280583e-01,1.08960287367791e-01,1.58870484933147e-01,3.47814807423668e-01,3.19455564451561e-01,3.12076327728850e-01,3.34547638110488e-01,3.87256471844142e-01,3.66026154256739e-01,4.56965572457966e-01
2.17961035495063e-01,2.48852415265546e-01,2.84881238323993e-01,2.44715772618094e-01,2.77034961302375e-01,2.14491593274620e-01,1.94568988524153e-01,4.77582065652522e-02,6.24646383773686e-01,2.70149452895650e-01,3.78983186549239e-01,3.19455564451561e-01,3.47036765143549e-01,3.51600166663360e-01,2.98823436042936e-01,2.98803595166763e-01,2.36523084859427e-01,2.87653022757485e-01,3.06442332493403e-01,2.90192654907641e-01,2.05174500505942e-01,1.33132279121446e-01,2.62951131921986e-01,5.62032499355172e-01,0.00000000000000e+00,1.94172819796448e-01,1.83596088605069e-01,1.83516264218719e-01,1.98563161045699e-01,1.98902414687687e-01,1.96787068449411e-01,1.87248054280583e-01,1.08960287367791e-01,1.58870484933147e-01,3.47814807423668e-01,2.87567351825983e-01,3.12076327728850e-01,3.34547638110488e-01,3.87256471844142e-01,3.66026154256739e-01,4.56965572457966e-01,3.25580464371497e-01
2.48852415265546e-01,2.84881238323993e-01,2.44715772618094e-01,2.77034961302375e-01,2.14491593274620e-01,1.94568988524153e-01,4.77582065652522e-02,6.24646383773686e-01,2.70149452895650e-01,3.78983186549239e-01,3.19455564451561e-01,3.12076327728850e-01,3.51600166663360e-01,2.98823436042936e-01,2.98803595166763e-01,2.36523084859427e-01,2.87653022757485e-01,3.06442332493403e-01,2.90192654907641e-01,2.05174500505942e-01,1.33132279121446e-01,2.62951131921986e-01,5.62032499355172e-01,6.21515446122101e-01,1.94172819796448e-01,1.83596088605069e-01,1.83516264218719e-01,1.98563161045699e-01,1.98902414687687e-01,1.96787068449411e-01,1.87248054280583e-01,1.08960287367791e-01,1.58870484933147e-01,3.47814807423668e-01,2.87567351825983e-01,3.82019556974656e-01,3.34547638110488e-01,3.87256471844142e-01,3.66026154256739e-01,4.56965572457966e-01,3.25580464371497e-01,3.53309314117961e-01
2.84881238323993e-01,2.44715772618094e-01,2.77034961302375e-01,2.14491593274620e-01,1.94568988524153e-01,4.77582065652522e-02,6.24646383773686e-01,2.70149452895650e-01,3.78983186549239e-01,3.19455564451561e-01,3.12076327728850e-01,3.34547638110488e-01,2.98823436042936e-01,2.98803595166763e-01,2.36523084859427e-01,2.87653022757485e-01,3.06442332493403e-01,2.90192654907641e-01,2.05174500505942e-01,1.33132279121446e-01,2.62951131921986e-01,5.62032499355172e-01,6.21515446122101e-01,5.88123251522787e-01,1.83596088605069e-01,1.83516264218719e-01,1.98563161045699e-01,1.98902414687687e-01,1.96787068449411e-01,1.87248054280583e-01,1.08960287367791e-01,1.58870484933147e-01,3.47814807423668e-01,2.87567351825983e-01,3.82019556974656e-01,4.79385352225105e-01,3.87256471844142e-01,3.66026154256739e-01,4.56965572457966e-01,3.25580464371497e-01,3.53309314117961e-01,2.06285028022418e-01
2.44715772618094e-01,2.77034961302375e-01,2.14491593274620e-01,1.94568988524153e-01,4.77582065652522e-02,6.24646383773686e-01,2.70149452895650e-01,3.78983186549239e-01,3.19455564451561e-01,3.12076327728850e-01,3.34547638110488e-01,3.87256471844142e-01,2.98803595166763e-01,2.36523084859427e-01,2.87653022757485e-01,3.06442332493403e-01,2.90192654907641e-01,2.05174500505942e-01,1.33132279121446e-01,2.62951131921986e-01,5.62032499355172e-01,6.21515446122101e-01,5.88123251522787e-01,5.18878593678697e-01,1.83516264218719e-01,1.98563161045699e-01,1.98902414687687e-01,1.96787068449411e-01,1.87248054280583e-01,1.08960287367791e-01,1.58870484933147e-01,3.47814807423668e-01,2.87567351825983e-01,3.82019556974656e-01,4.79385352225105e-01,4.91139493115147e-01,3.66026154256739e-01,4.56965572457966e-01,3.25580464371497e-01,3.53309314117961e-01,2.06285028022418e-01,8.37990392313851e-01
2.77034961302375e-01,2.14491593274620e-01,1.94568988524153e-01,4.77582065652522e-02,6.24646383773686e-01,2.70149452895650e-01,3.78983186549239e-01,3.19455564451561e-01,3.12076327728850e-01,3.34547638110488e-01,3.87256471844142e-01,3.66026154256739e-01,2.36523084859427e-01,2.87653022757485e-01,3.06442332493403e-01,2.90192654907641e-01,2.05174500505942e-01,1.33132279121446e-01,2.62951131921986e-01,5.62032499355172e-01,6.21515446122101e-01,5.88123251522787e-01,5.18878593678697e-01,5.91178746453443e-01,1.98563161045699e-01,1.98902414687687e-01,1.96787068449411e-01,1.87248054280583e-01,1.08960287367791e-01,1.58870484933147e-01,3.47814807423668e-01,2.87567351825983e-01,3.82019556974656e-01,4.79385352225105e-01,4.91139493115147e-01,5.29854320494911e-01,4.56965572457966e-01,3.25580464371497e-01,3.53309314117961e-01,2.06285028022418e-01,8.37990392313851e-01,4.17587403255938e-01
2.14491593274620e-01,1.94568988524153e-01,4.77582065652522e-02,6.24646383773686e-01,2.70149452895650e-01,3.78983186549239e-01,3.19455564451561e-01,3.12076327728850e-01,3.34547638110488e-01,3.87256471844142e-01,3.66026154256739e-01,4.56965572457966e-01,2.87653022757485e-01,3.06442332493403e-01,2.90192654907641e-01,2.05174500505942e-01,1.33132279121446e-01,2.62951131921986e-01,5.62032499355172e-01,6.21515446122101e-01,5.88123251522787e-01,5.18878593678697e-01,5.91178746453443e-01,5.97587349457352e-01,1.98902414687687e-01,1.96787068449411e-01,1.87248054280583e-01,1.08960287367791e-01,1.58870484933147e-01,3.47814807423668e-01,2.87567351825983e-01,3.82019556974656e-01,4.79385352225105e-01,4.91139493115147e-01,5.29854320494911e-01,5.33526242267013e-01,3.25580464371497e-01,3.53309314117961e-01,2.06285028022418e-01,8.37990392313851e-01,4.17587403255938e-01,4.92834267413931e-01
1.94568988524153e-01,4.77582065652522e-02,6.24646383773686e-01,2.70149452895650e-01,3.78983186549239e-01,3.19455564451561e-01,3.12076327728850e-01,3.34547638110488e-01,3.87256471844142e-01,3.66026154256739e-01,4.56965572457966e-01,3.25580464371497e-01,3.06442332493403e-01,2.90192654907641e-01,2.05174500505942e-01,1.33132279121446e-01,2.62951131921986e-01,5.62032499355172e-01,6.21515446122101e-01,5.88123251522787e-01,5.18878593678697e-01,5.91178746453443e-01,5.97587349457352e-01,4.95129064899506e-01,1.96787068449411e-01,1.87248054280583e-01,1.08960287367791e-01,1.58870484933147e-01,3.47814807423668e-01,2.87567351825983e-01,3.82019556974656e-01,4.79385352225105e-01,4.91139493115147e-01,5.29854320494911e-01,5.33526242267013e-01,4.57553382558372e-01,3.53309314117961e-01,2.06285028022418e-01,8.37990392313851e-01,4.17587403255938e-01,4.92834267413931e-01,4.58420069388844e-01
4.77582065652522e-02,6.24646383773686e-01,2.70149452895650e-01,3.78983186549239e-01,3.19455564451561e-01,3.12076327728850e-01,3.34547638110488e-01,3.87256471844142e-01,3.66026154256739e-01,4.56965572457966e-01,3.25580464371497e-01,3.53309314117961e-01,2.90192654907641e-01,2.05174500505942e-01,1.33132279121446e-01,2.62951131921986e-01,5.62032499355172e-01,6.21515446122101e-01,5.88123251522787e-01,5.18878593678697e-01,5.91178746453443e-01,5.97587349457352e-01,4.95129064899506e-01,5.10843038828595e-01,1.87248054280583e-01,1.08960287367791e-01,1.58870484933147e-01,3.47814807423668e-01,2.87567351825983e-01,3.82019556974656e-01,4.79385352225105e-01,4.91139493115147e-01,5.29854320494911e-01,5.33526242267013e-01,4.57553382558372e-01,5.81480742366793e-01,2.06285028022418e-01,8.37990392313851e-01,4.17587403255938e-01,4.92834267413931e-01,4.58420069388844e-01,4.73111822791567e-01
6.24646383773686e-01,2.70149452895650e-01,3.78983186549239e-01,3.19455564451561e-01,3.12076327728850e-01,3.34547638110488e-01,3.87256471844142e-01,3.66026154256739e-01,4.56965572457966e-01,3.25580464371497e-01,3.53309314117961e-01,2.06285028022418e-01,2.05174500505942e-01,1.33132279121446e-01,2.62951131921986e-01,5.62032499355172e-01,6.21515446122101e-01,5.88123251522787e-01,5.18878593678697e-01,5.91178746453443e-01,5.97587349457352e-01,4.95129064899506e-01,5.10843038828595e-01,4.35745322513442e-01,1.08960287367791e-01,1.58870484933147e-01,3.47814807423668e-01,2.87567351825983e-01,3.82019556974656e-01,4.79385352225105e-01,4.91139493115147e-01,5.29854320494911e-01,5.33526242267013e-01,4.57553382558372e-01,5.81480742366793e-01,5.35601676312113e-01,8.37990392313851e-01,4.17587403255938e-01,4.92834267413931e-01,4.58420069388844e-01,4.73111822791567e-01,5.84601014144649e-01
2.70149452895650e-01,3.78983186549239e-01,3.19455564451561e-01,3.12076327728850e-01,3.34547638110488e-01,3.87256471844142e-01,3.66026154256739e-01,4.56965572457966e-01,3.25580464371497e-01,3.53309314117961e-01,2.06285028022418e-01,8.37990392313851e-01,1.33132279121446e-01,2.62951131921986e-01,5.62032499355172e-01,6.21515446122101e-01,5.88123251522787e-01,5.18878593678697e-01,5.91178746453443e-01,5.97587349457352e-01,4.95129064899506e-01,5.10843038828595e-01,4.35745322513442e-01,3.70250590266066e-01,1.58870484933147e-01,3.47814807423668e-01,2.87567351825983e-01,3.82019556974656e-01,4.79385352225105e-01,4.91139493115147e-01,5.29854320494911e-01,5.33526242267013e-01,4.57553382558372e-01,5.81480742366793e-01,5.35601676312113e-01,4.44861305128717e-01,4.17587403255938e-01,4.92834267413931e-01,4.58420069388844e-01,4.73111822791567e-01,5.84601014144649e-01,5.34707766212970e-01
3.78983186549239e-01,3.19455564451561e-01,3.12076327728850e-01,3.34547638110488e-01,3.87256471844142e-01,3.66026154256739e-01,4.56965572457966e-01,3.25580464371497e-01,3.53309314117961e-01,2.06285028022418e-01,8.37990392313851e-01,4.17587403255938e-01,2.62951131921986e-01,5.62032499355172e-01,6.21515446122101e-01,5.88123251522787e-01,5.18878593678697e-01,5.91178746453443e-01,5.97587349457352e-01,4.95129064899506e-01,5.10843038828595e-01,4.35745322513442e-01,3.70250590266066e-01,4.16360786492331e-01,3.47814807423668e-01,2.87567351825983e-01,3.82019556974656e-01,4.79385352225105e-01,4.91139493115147e-01,5.29854320494911e-01,5.33526242267013e-01,4.57553382558372e-01,5.81480742366793e-01,5.35601676312113e-01,4.44861305128717e-01,4.26980642586310e-01,4.92834267413931e-01,4.58420069388844e-01,4.73111822791567e-01,5.84601014144649e-01,5.34707766212970e-01,6.28275954096611e-01
3.19455564451561e-01,3.12076327728850e-01,3.34547638110488e-01,3.87256471844142e-01,3.66026154256739e-01,4.56965572457966e-01,3.25580464371497e-01,3.53309314117961e-01,2.06285028022418e-01,8.37990392313851e-01,4.17587403255938e-01,4.92834267413931e-01,5.62032499355172e-01,6.21515446122101e-01,5.88123251522787e-01,5.18878593678697e-01,5.91178746453443e-01,5.97587349457352e-01,4.95129064899506e-01,5.10843038828595e-01,4.35745322513442e-01,3.70250590266066e-01,4.16360786492331e-01,5.49631951746989e-01,2.87567351825983e-01,3.82019556974656e-01,4.79385352225105e-01,4.91139493115147e-01,5.29854320494911e-01,5.33526242267013e-01,4.57553382558372e-01,5.81480742366793e-01,5.35601676312113e-01,4.44861305128717e-01,4.26980642586310e-01,5.94991019756536e-01,4.58420069388844e-01,4.73111822791567e-01,5.84601014144649e-01,5.34707766212970e-01,6.28275954096611e-01,6.73965839338137e-01
3.12076327728850e-01,3.34547638110488e-01,3.87256471844142e-01,3.66026154256739e-01,4.56965572457966e-01,3.25580464371497e-01,3.53309314117961e-01,2.06285028022418e-01,8.37990392313851e-01,4.17587403255938e-01,4.92834267413931e-01,4.58420069388844e-01,6.21515446122101e-01,5.88123251522787e-01,5.18878593678697e-01,5.91178746453443e-01,5.97587349457352e-01,4.95129064899506e-01,5.10843038828595e-01,4.35745322513442e-01,3.70250590266066e-01,4.16360786492331e-01,5.49631951746989e-01,7.46393920755541e-01,3.82019556974656e-01,4.79385352225105e-01,4.91139493115147e-01,5.29854320494911e-01,5.33526242267013e-01,4.57553382558372e-01,5.81480742366793e-01,5.35601676312113e-01,4.44861305128717e-01,4.26980642586310e-01,5.94991019756536e-01,5.98982239074037e-01,4.73111822791567e-01,5.84601014144649e-01,5.34707766212970e-01,6.28275954096611e-01,6.73965839338137e-01,5.43034427542034e-01
3.34547638110488e-01,3.87256471844142e-01,3.66026154256739e-01,4.56965572457966e-01,3.25580464371497e-01,3.53309314117961e-01,2.06285028022418e-01,8.37990392313851e-01,4.17587403255938e-01,4.92834267413931e-01,4.58420069388844e-01,4.73111822791567e-01,5.88123251522787e-01,5.18878593678697e-01,5.91178746453443e-01,5.97587349457352e-01,4.95129064899506e-01,5.10843038828595e-01,4.35745322513442e-01,3.70250590266066e-01,4.16360786492331e-01,5.49631951746989e-01,7.46393920755541e-01,9.31271204936410e-01,4.79385352225105e-01,4.91139493115147e-01,5.29854320494911e-01,5.33526242267013e-01,4.57553382558372e-01,5.81480742366793e-01,5.35601676312113e-01,4.44861305128717e-01,4.26980642586310e-01,5.94991019756536e-01,5.98982239074037e-01,7.64278587108362e-01,5.84601014144649e-01,5.34707766212970e-01,6.28275954096611e-01,6.73965839338137e-01,5.43034427542034e-01,4.82786228983187e-01
3.87256471844142e-01,3.66026154256739e-01,4.56965572457966e-01,3.25580464371497e-01,3.53309314117961e-01,2.06285028022418e-01,8.37990392313851e-01,4.17587403255938e-01,4.92834267413931e-01,4.58420069388844e-01,4.73111822791567e-01,5.84601014144649e-01,5.18878593678697e-01,5.91178746453443e-01,5.97587349457352e-01,4.95129064899506e-01,5.10843038828595e-01,4.35745322513442e-01,3.70250590266066e-01,4.16360786492331e-01,5.49631951746989e-01,7.46393920755541e-01,9.31271204936410e-01,9.02938433761235e-01,4.91139493115147e-01,5.29854320494911e-01,5.33526242267013e-01,4.57553382558372e-01,5.81480742366793e-01,5.35601676312113e-01,4.44861305128717e-01,4.26980642586310e-01,5.94991019756536e-01,5.98982239074037e-01,7.64278587108362e-01,8.45978846537617e-01,5.34707766212970e-01,6.28275954096611e-01,6.73965839338137e-01,5.43034427542034e-01,4.82786228983187e-01,1.92273819055244e-01
3.66026154256739e-01,4.56965572457966e-01,3.25580464371497e-01,3.53309314117961e-01,2.06285028022418e-01,8.37990392313851e-01,4.17587403255938e-01,4.92834267413931e-01,4.58420069388844e-01,4.73111822791567e-01,5.84601014144649e-01,5.34707766212970e-01,5.91178746453443e-01,5.97587349457352e-01,4.95129064899506e-01,5.10843038828595e-01,4.35745322513442e-01,3.70250590266066e-01,4.16360786492331e-01,5.49631951746989e-01,7.46393920755541e-01,9.31271204936410e-01,9.02938433761235e-01,7.76730620424198e-01,5.29854320494911e-01,5.33526242267013e-01,4.57553382558372e-01,5.81480742366793e-01,5.35601676312113e-01,4.44861305128717e-01,4.26980642586310e-01,5.94991019756536e-01,5.98982239074037e-01,7.64278587108362e-01,8.45978846537617e-01,8.37856715226502e-01,6.28275954096611e-01,6.73965839338137e-01,5.43034427542034e-01,4.82786228983187e-01,1.92273819055244e-01,1.00000000000000e+00
4.56965572457966e-01,3.25580464371497e-01,3.53309314117961e-01,2.06285028022418e-01,8.37990392313851e-01,4.17587403255938e-01,4.92834267413931e-01,4.58420069388844e-01,4.73111822791567e-01,5.84601014144649e-01,5.34707766212970e-01,6.28275954096611e-01,5.97587349457352e-01,4.95129064899506e-01,5.10843038828595e-01,4.35745322513442e-01,3.70250590266066e-01,4.16360786492331e-01,5.49631951746989e-01,7.46393920755541e-01,9.31271204936410e-01,9.02938433761235e-01,7.76730620424198e-01,9.98273843772941e-01,5.33526242267013e-01,4.57553382558372e-01,5.81480742366793e-01,5.35601676312113e-01,4.44861305128717e-01,4.26980642586310e-01,5.94991019756536e-01,5.98982239074037e-01,7.64278587108362e-01,8.45978846537617e-01,8.37856715226502e-01,1.00000000000000e+00,6.73965839338137e-01,5.43034427542034e-01,4.82786228983187e-01,1.92273819055244e-01,1.00000000000000e+00,4.01547904990659e-01
3.25580464371497e-01,3.53309314117961e-01,2.06285028022418e-01,8.37990392313851e-01,4.17587403255938e-01,4.92834267413931e-01,4.58420069388844e-01,4.73111822791567e-01,5.84601014144649e-01,5.34707766212970e-01,6.28275954096611e-01,6.73965839338137e-01,4.95129064899506e-01,5.10843038828595e-01,4.35745322513442e-01,3.70250590266066e-01,4.16360786492331e-01,5.49631951746989e-01,7.46393920755541e-01,9.31271204936410e-01,9.02938433761235e-01,7.76730620424198e-01,9.98273843772941e-01,8.74764389595445e-01,4.57553382558372e-01,5.81480742366793e-01,5.35601676312113e-01,4.44861305128717e-01,4.26980642586310e-01,5.94991019756536e-01,5.98982239074037e-01,7.64278587108362e-01,8.45978846537617e-01,8.37856715226502e-01,1.00000000000000e+00,8.43843544202754e-01,5.43034427542034e-01,4.82786228983187e-01,1.92273819055244e-01,1.00000000000000e+00,4.01547904990659e-01,6.37042967707499e-01
3.53309314117961e-01,2.06285028022418e-01,8.37990392313851e-01,4.17587403255938e-01,4.92834267413931e-01,4.58420069388844e-01,4.73111822791567e-01,5.84601014144649e-01,5.34707766212970e-01,6.28275954096611e-01,6.73965839338137e-01,5.43034427542034e-01,5.10843038828595e-01,4.35745322513442e-01,3.70250590266066e-01,4.16360786492331e-01,5.49631951746989e-01,7.46393920755541e-01,9.31271204936410e-01,9.02938433761235e-01,7.76730620424198e-01,9.98273843772941e-01,8.74764389595445e-01,8.16531418027420e-01,5.81480742366793e-01,5.35601676312113e-01,4.44861305128717e-01,4.26980642586310e-01,5.94991019756536e-01,5.98982239074037e-01,7.64278587108362e-01,8.45978846537617e-01,8.37856715226502e-01,1.00000000000000e+00,8.43843544202754e-01,7.27000598682898e-01,4.82786228983187e-01,1.92273819055244e-01,1.00000000000000e+00,4.01547904990659e-01,6.37042967707499e-01,4.09647718174540e-01
2.06285028022418e-01,8.37990392313851e-01,4.17587403255938e-01,4.92834267413931e-01,4.58420069388844e-01,4.73111822791567e-01,5.84601014144649e-01,5.34707766212970e-01,6.28275954096611e-01,6.73965839338137e-01,5.43034427542034e-01,4.82786228983187e-01,4.35745322513442e-01,3.70250590266066e-01,4.16360786492331e-01,5.49631951746989e-01,7.46393920755541e-01,9.31271204936410e-01,9.02938433761235e-01,7.76730620424198e-01,9.98273843772941e-01,8.74764389595445e-01,8.16531418027420e-01,6.39669847820480e-01,5.35601676312113e-01,4.44861305128717e-01,4.26980642586310e-01,5.94991019756536e-01,5.98982239074037e-01,7.64278587108362e-01,8.45978846537617e-01,8.37856715226502e-01,1.00000000000000e+00,8.43843544202754e-01,7.27000598682898e-01,7.12372779884255e-01,1.92273819055244e-01,1.00000000000000e+00,4.01547904990659e-01,6.37042967707499e-01,4.09647718174540e-01,5.81745396317054e-01
8.37990392313851e-01,4.17587403255938e-01,4.92834267413931e-01,4.58420069388844e-01,4.73111822791567e-01,5.84601014144649e-01,5.34707766212970e-01,6.28275954096611e-01,6.73965839338137e-01,5.43034427542034e-01,4.82786228983187e-01,1.92273819055244e-01,3.70250590266066e-01,4.16360786492331e-01,5.49631951746989e-01,7.46393920755541e-01,9.31271204936410e-01,9.02938433761235e-01,7.76730620424198e-01,9.98273843772941e-01,8.74764389595445e-01,8.16531418027420e-01,6.39669847820480e-01,5.84928870458920e-01,4.44861305128717e-01,4.26980642586310e-01,5.94991019756536e-01,5.98982239074037e-01,7.64278587108362e-01,8.45978846537617e-01,8.37856715226502e-01,1.00000000000000e+00,8.43843544202754e-01,7.27000598682898e-01,7.12372779884255e-01,6.64019157852724e-01,1.00000000000000e+00,4.01547904990659e-01,6.37042967707499e-01,4.09647718174540e-01,5.81745396317054e-01,5.21110221510542e-01
4.17587403255938e-01,4.92834267413931e-01,4.58420069388844e-01,4.73111822791567e-01,5.84601014144649e-01,5.34707766212970e-01,6.28275954096611e-01,6.73965839338137e-01,5.43034427542034e-01,4.82786228983187e-01,1.92273819055244e-01,1.00000000000000e+00,4.16360786492331e-01,5.49631951746989e-01,7.46393920755541e-01,9.31271204936410e-01,9.02938433761235e-01,7.76730620424198e-01,9.98273843772941e-01,8.74764389595445e-01,8.16531418027420e-01,6.39669847820480e-01,5.84928870458920e-01,4.43661832106506e-01,4.26980642586310e-01,5.94991019756536e-01,5.98982239074037e-01,7.64278587108362e-01,8.45978846537617e-01,8.37856715226502e-01,1.00000000000000e+00,8.43843544202754e-01,7.27000598682898e-01,7.12372779884255e-01,6.64019157852724e-01,5.38295749351427e-01,4.01547904990659e-01,6.37042967707499e-01,4.09647718174540e-01,5.81745396317054e-01,5.21110221510542e-01,5.62957032292501e-01
4.92834267413931e-01,4.58420069388844e-01,4.73111822791567e-01,5.84601014144649e-01,5.34707766212970e-01,6.28275954096611e-01,6.73965839338137e-01,5.43034427542034e-01,4.82786228983187e-01,1.92273819055244e-01,1.00000000000000e+00,4.01547904990659e-01,5.49631951746989e-01,7.46393920755541e-01,9.31271204936410e-01,9.02938433761235e-01,7.76730620424198e-01,9.98273843772941e-01,8.74764389595445e-01,8.16531418027420e-01,6.39669847820480e-01,5.84928870458920e-01,4.43661832106506e-01,5.18739707545485e-01,5.94991019756536e-01,5.98982239074037e-01,7.64278587108362e-01,8.45978846537617e-01,8.37856715226502e-01,1.00000000000000e+00,8.43843544202754e-01,7.27000598682898e-01,7.12372779884255e-01,6.64019157852724e-01,5.38295749351427e-01,4.18619038116144e-01,6.37042967707499e-01,4.09647718174540e-01,5.81745396317054e-01,5.21110221510542e-01,5.62957032292501e-01,5.65198825727248e-01
4.58420069388844e-01,4.73111822791567e-01,5.84601014144649e-01,5.34707766212970e-01,6.28275954096611e-01,6.73965839338137e-01,5.43034427542034e-01,4.82786228983187e-01,1.92273819055244e-01,1.00000000000000e+00,4.01547904990659e-01,6.37042967707499e-01,7.46393920755541e-01,9.31271204936410e-01,9.02938433761235e-01,7.76730620424198e-01,9.98273843772941e-01,8.74764389595445e-01,8.16531418027420e-01,6.39669847820480e-01,5.84928870458920e-01,4.43661832106506e-01,5.18739707545485e-01,5.57171484692764e-01,5.98982239074037e-01,7.64278587108362e-01,8.45978846537617e-01,8.37856715226502e-01,1.00000000000000e+00,8.43843544202754e-01,7.27000598682898e-01,7.12372779884255e-01,6.64019157852724e-01,5.38295749351427e-01,4.18619038116144e-01,5.06685292356815e-01,4.09647718174540e-01,5.81745396317054e-01,5.21110221510542e-01,5.62957032292501e-01,5.65198825727248e-01,4.41246330397651e-01
4.73111822791567e-01,5.84601014144649e-01,5.34707766212970e-01,6.28275954096611e-01,6.73965839338137e-01,5.43034427542034e-01,4.82786228983187e-01,1.92273819055244e-01,1.00000000000000e+00,4.01547904990659e-01,6.37042967707499e-01,4.09647718174540e-01,9.31271204936410e-01,9.02938433761235e-01,7.76730620424198e-01,9.98273843772941e-01,8.74764389595445e-01,8.16531418027420e-01,6.39669847820480e-01,5.84928870458920e-01,4.43661832106506e-01,5.18739707545485e-01,5.57171484692764e-01,6.59570246622091e-01,7.64278587108362e-01,8.45978846537617e-01,8.37856715226502e-01,1.00000000000000e+00,8.43843544202754e-01,7.27000598682898e-01,7.12372779884255e-01,6.64019157852724e-01,5.38295749351427e-01,4.18619038116144e-01,5.06685292356815e-01,4.38994212731990e-01,5.81745396317054e-01,5.21110221510542e-01,5.62957032292501e-01,5.65198825727248e-01,4.41246330397651e-01,4.83600213504137e-01
5.84601014144649e-01,5.34707766212970e-01,6.28275954096611e-01,6.73965839338137e-01,5.43034427542034e-01,4.82786228983187e-01,1.92273819055244e-01,1.00000000000000e+00,4.01547904990659e-01,6.37042967707499e-01,4.09647718174540e-01,5.81745396317054e-01,9.02938433761235e-01,7.76730620424198e-01,9.98273843772941e-01,8.74764389595445e-01,8.16531418027420e-01,6.39669847820480e-01,5.84928870458920e-01,4.43661832106506e-01,5.18739707545485e-01,5.57171484692764e-01,6.59570246622091e-01,7.99805559413504e-01,8.45978846537617e-01,8.37856715226502e-01,1.00000000000000e+00,8.43843544202754e-01,7.27000598682898e-01,7.12372779884255e-01,6.64019157852724e-01,5.38295749351427e-01,4.18619038116144e-01,5.06685292356815e-01,4.38994212731990e-01,6.75054879265616e-01,5.21110221510542e-01,5.62957032292501e-01,5.65198825727248e-01,4.41246330397651e-01,4.83600213504137e-01,3.49986655991460e-01
5.34707766212970e-01,6.28275954096611e-01,6.73965839338137e-01,5.43034427542034e-01,4.82786228983187e-01,1.92273819055244e-01,1.00000000000000e+00,4.01547904990659e-01,6.37042967707499e-01,4.09647718174540e-01,5.81745396317054e-01,5.21110221510542e-01,7.76730620424198e-01,9.98273843772941e-01,8.74764389595445e-01,8.16531418027420e-01,6.39669847820480e-01,5.84928870458920e-01,4.43661832106506e-01,5.18739707545485e-01,5.57171484692764e-01,6.59570246622091e-01,7.99805559413504e-01,7.18338921846789e-01,8.37856715226502e-01,1.00000000000000e+00,8.43843544202754e-01,7.27000598682898e-01,7.12372779884255e-01,6.64019157852724e-01,5.38295749351427e-01,4.18619038116144e-01,5.06685292356815e-01,4.38994212731990e-01,6.75054879265616e-01,6.86310117740970e-01,5.62957032292501e-01,5.65198825727248e-01,4.41246330397651e-01,4.83600213504137e-01,3.49986655991460e-01,1.52148385374967e-01
6.28275954096611e-01,6.73965839338137e-01,5.43034427542034e-01,4.82786228983187e-01,1.92273819055244e-01,1.00000000000000e+00,4.01547904990659e-01,6.37042967707499e-01,4.09647718174540e-01,5.81745396317054e-01,5.21110221510542e-01,5.62957032292501e-01,9.98273843772941e-01,8.74764389595445e-01,8.16531418027420e-01,6.39669847820480e-01,5.84928870458920e-01,4.43661832106506e-01,5.18739707545485e-01,5.57171484692764e-01,6.59570246622091e-01,7.99805559413504e-01,7.18338921846789e-01,8.44189599412710e-01,1.00000000000000e+00,8.43843544202754e-01,7.27000598682898e-01,7.12372779884255e-01,6.64019157852724e-01,5.38295749351427e-01,4.18619038116144e-01,5.06685292356815e-01,4.38994212731990e-01,6.75054879265616e-01,6.86310117740970e-01,7.39752544402315e-01,5.65198825727248e-01,4.41246330397651e-01,4.83600213504137e-01,3.49986655991460e-01,1.52148385374967e-01,9.00173472111022e-01
6.73965839338137e-01,5.43034427542034e-01,4.82786228983187e-01,1.92273819055244e-01,1.00000000000000e+00,4.01547904990659e-01,6.37042967707499e-01,4.09647718174540e-01,5.81745396317054e-01,5.21110221510542e-01,5.62957032292501e-01,5.65198825727248e-01,8.74764389595445e-01,8.16531418027420e-01,6.39669847820480e-01,5.84928870458920e-01,4.43661832106506e-01,5.18739707545485e-01,5.57171484692764e-01,6.59570246622091e-01,7.99805559413504e-01,7.18338921846789e-01,8.44189599412710e-01,8.55617944088411e-01,8.43843544202754e-01,7.27000598682898e-01,7.12372779884255e-01,6.64019157852724e-01,5.38295749351427e-01,4.18619038116144e-01,5.06685292356815e-01,4.38994212731990e-01,6.75054879265616e-01,6.86310117740970e-01,7.39752544402315e-01,7.28876471762123e-01,4.41246330397651e-01,4.83600213504137e-01,3.49986655991460e-01,1.52148385374967e-01,9.00173472111022e-01,4.40899386175607e-01
5.43034427542034e-01,4.82786228983187e-01,1.92273819055244e-01,1.00000000000000e+00,4.01547904990659e-01,6.37042967707499e-01,4.09647718174540e-01,5.81745396317054e-01,5.21110221510542e-01,5.62957032292501e-01,5.65198825727248e-01,4.41246330397651e-01,8.16531418027420e-01,6.39669847820480e-01,5.84928870458920e-01,4.43661832106506e-01,5.18739707545485e-01,5.57171484692764e-01,6.59570246622091e-01,7.99805559413504e-01,7.18338921846789e-01,8.44189599412710e-01,8.55617944088411e-01,6.75482629312910e-01,7.27000598682898e-01,7.12372779884255e-01,6.64019157852724e-01,5.38295749351427e-01,4.18619038116144e-01,5.06685292356815e-01,4.38994212731990e-01,6.75054879265616e-01,6.86310117740970e-01,7.39752544402315e-01,7.28876471762123e-01,6.47734983037318e-01,4.83600213504137e-01,3.49986655991460e-01,1.52148385374967e-01,9.00173472111022e-01,4.40899386175607e-01,5.59180677875634e-01
4.82786228983187e-01,1.92273819055244e-01,1.00000000000000e+00,4.01547904990659e-01,6.37042967707499e-01,4.09647718174540e-01,5.81745396317054e-01,5.21110221510542e-01,5.62957032292501e-01,5.65198825727248e-01,4.41246330397651e-01,4.83600213504137e-01,6.39669847820480e-01,5.84928870458920e-01,4.43661832106506e-01,5.18739707545485e-01,5.57171484692764e-01,6.59570246622091e-01,7.99805559413504e-01,7.18338921846789e-01,8.44189599412710e-01,8.55617944088411e-01,6.75482629312910e-01,6.93081486478443e-01,7.12372779884255e-01,6.64019157852724e-01,5.38295749351427e-01,4.18619038116144e-01,5.06685292356815e-01,4.38994212731990e-01,6.75054879265616e-01,6.86310117740970e-01,7.39752544402315e-01,7.28876471762123e-01,6.47734983037318e-01,7.29335461983636e-01,3.49986655991460e-01,1.52148385374967e-01,9.00173472111022e-01,4.40899386175607e-01,5.59180677875634e-01,6.15292233787030e-01
1.92273819055244e-01,1.00000000000000e+00,4.01547904990659e-01,6.37042967707499e-01,4.09647718174540e-01,5.81745396317054e-01,5.21110221510542e-01,5.62957032292501e-01,5.65198825727248e-01,4.41246330397651e-01,4.83600213504137e-01,3.49986655991460e-01,5.84928870458920e-01,4.43661832106506e-01,5.18739707545485e-01,5.57171484692764e-01,6.59570246622091e-01,7.99805559413504e-01,7.18338921846789e-01,8.44189599412710e-01,8.55617944088411e-01,6.75482629312910e-01,6.93081486478443e-01,6.45622110672407e-01,6.64019157852724e-01,5.38295749351427e-01,4.18619038116144e-01,5.06685292356815e-01,4.38994212731990e-01,6.75054879265616e-01,6.86310117740970e-01,7.39752544402315e-01,7.28876471762123e-01,6.47734983037318e-01,7.29335461983636e-01,6.32967471562562e-01,1.52148385374967e-01,9.00173472111022e-01,4.40899386175607e-01,5.59180677875634e-01,6.15292233787030e-01,7.33947157726181e-01
1.00000000000000e+00,4.01547904990659e-01,6.37042967707499e-01,4.09647718174540e-01,5.81745396317054e-01,5.21110221510542e-01,5.62957032292501e-01,5.65198825727248e-01,4.41246330397651e-01,4.83600213504137e-01,3.49986655991460e-01,1.52148385374967e-01,4.43661832106506e-01,5.18739707545485e-01,5.57171484692764e-01,6.59570246622091e-01,7.99805559413504e-01,7.18338921846789e-01,8.44189599412710e-01,8.55617944088411e-01,6.75482629312910e-01,6.93081486478443e-01,6.45622110672407e-01,5.76595702466221e-01,5.38295749351427e-01,4.18619038116144e-01,5.06685292356815e-01,4.38994212731990e-01,6.75054879265616e-01,6.86310117740970e-01,7.39752544402315e-01,7.28876471762123e-01,6.47734983037318e-01,7.29335461983636e-01,6.32967471562562e-01,5.58770704450209e-01,9.00173472111022e-01,4.40899386175607e-01,5.59180677875634e-01,6.15292233787030e-01,7.33947157726181e-01,5.34761142247131e-01
4.01547904990659e-01,6.37042967707499e-01,4.09647718174540e-01,5.81745396317054e-01,5.21110221510542e-01,5.62957032292501e-01,5.65198825727248e-01,4.41246330397651e-01,4.83600213504137e-01,3.49986655991460e-01,1.52148385374967e-01,9.00173472111022e-01,5.18739707545485e-01,5.57171484692764e-01,6.59570246622091e-01,7.99805559413504e-01,7.18338921846789e-01,8.44189599412710e-01,8.55617944088411e-01,6.75482629312910e-01,6.93081486478443e-01,6.45622110672407e-01,5.76595702466221e-01,4.51578341699569e-01,4.18619038116144e-01,5.06685292356815e-01,4.38994212731990e-01,6.75054879265616e-01,6.86310117740970e-01,7.39752544402315e-01,7.28876471762123e-01,6.47734983037318e-01,7.29335461983636e-01,6.32967471562562e-01,5.58770704450209e-01,5.43863500299341e-01,4.40899386175607e-01,5.59180677875634e-01,6.15292233787030e-01,7.33947157726181e-01,5.34761142247131e-01,6.82719508940486e-01
6.37042967707499e-01,4.09647718174540e-01,5.81745396317054e-01,5.21110221510542e-01,5.62957032292501e-01,5.65198825727248e-01,4.41246330397651e-01,4.83600213504137e-01,3.49986655991460e-01,1.52148385374967e-01,9.00173472111022e-01,4.40899386175607e-01,5.57171484692764e-01,6.59570246622091e-01,7.99805559413504e-01,7.18338921846789e-01,8.44189599412710e-01,8.55617944088411e-01,6.75482629312910e-01,6.93081486478443e-01,6.45622110672407e-01,5.76595702466221e-01,4.51578341699569e-01,4.67074065990754e-01,5.06685292356815e-01,4.38994212731990e-01,6.75054879265616e-01,6.86310117740970e-01,7.39752544402315e-01,7.28876471762123e-01,6.47734983037318e-01,7.29335461983636e-01,6.32967471562562e-01,5.58770704450209e-01,5.43863500299341e-01,5.11374975054879e-01,5.59180677875634e-01,6.15292233787030e-01,7.33947157726181e-01,5.34761142247131e-01,6.82719508940486e-01,6.30557779556979e-01
4.09647718174540e-01,5.81745396317054e-01,5.21110221510542e-01,5.62957032292501e-01,5.65198825727248e-01,4.41246330397651e-01,4.83600213504137e-01,3.49986655991460e-01,1.52148385374967e-01,9.00173472111022e-01,4.40899386175607e-01,5.59180677875634e-01,6.59570246622091e-01,7.99805559413504e-01,7.18338921846789e-01,8.44189599412710e-01,8.55617944088411e-01,6.75482629312910e-01,6.93081486478443e-01,6.45622110672407e-01,5.76595702466221e-01,4.51578341699569e-01,4.67074065990754e-01,5.11775560008730e-01,4.38994212731990e-01,6.75054879265616e-01,6.86310117740970e-01,7.39752544402315e-01,7.28876471762123e-01,6.47734983037318e-01,7.29335461983636e-01,6.32967471562562e-01,5.58770704450209e-01,5.43863500299341e-01,5.11374975054879e-01,5.58391538615047e-01,6.15292233787030e-01,7.33947157726181e-01,5.34761142247131e-01,6.82719508940486e-01,6.30557779556979e-01,6.52949025887377e-01
5.81745396317054e-01,5.21110221510542e-01,5.62957032292501e-01,5.65198825727248e-01,4.41246330397651e-01,4.83600213504137e-01,3.49986655991460e-01,1.52148385374967e-01,9.00173472111022e-01,4.40899386175607e-01,5.59180677875634e-01,6.15292233787030e-01,7.99805559413504e-01,7.18338921846789e-01,8.44189599412710e-01,8.55617944088411e-01,6.75482629312910e-01,6.93081486478443e-01,6.45622110672407e-01,5.76595702466221e-01,4.51578341699569e-01,4.67074065990754e-01,5.11775560008730e-01,8.28614511616833e-01,6.75054879265616e-01,6.86310117740970e-01,7.39752544402315e-01,7.28876471762123e-01,6.47734983037318e-01,7.29335461983636e-01,6.32967471562562e-01,5.58770704450209e-01,5.43863500299341e-01,5.11374975054879e-01,5.58391538615047e-01,7.49091997605268e-01,7.33947157726181e-01,5.34761142247131e-01,6.82719508940486e-01,6.30557779556979e-01,6.52949025887377e-01,6.74926607953029e-01
5.21110221510542e-01,5.62957032292501e-01,5.65198825727248e-01,4.41246330397651e-01,4.83600213504137e-01,3.49986655991460e-01,1.52148385374967e-01,9.00173472111022e-01,4.40899386175607e-01,5.59180677875634e-01,6.15292233787030e-01,7.33947157726181e-01,7.18338921846789e-01,8.44189599412710e-01,8.55617944088411e-01,6.75482629312910e-01,6.93081486478443e-01,6.45622110672407e-01,5.76595702466221e-01,4.51578341699569e-01,4.67074065990754e-01,5.11775560008730e-01,8.28614511616833e-01,1.00000000000000e+00,6.86310117740970e-01,7.39752544402315e-01,7.28876471762123e-01,6.47734983037318e-01,7.29335461983636e-01,6.32967471562562e-01,5.58770704450209e-01,5.43863500299341e-01,5.11374975054879e-01,5.58391538615047e-01,7.49091997605268e-01,8.84254639792457e-01,5.34761142247131e-01,6.82719508940486e-01,6.30557779556979e-01,6.52949025887377e-01,6.74926607953029e-01,4.07899653055778e-01
5.62957032292501e-01,5.65198825727248e-01,4.41246330397651e-01,4.83600213504137e-01,3.49986655991460e-01,1.52148385374967e-01,9.00173472111022e-01,4.40899386175607e-01,5.59180677875634e-01,6.15292233787030e-01,7.33947157726181e-01,5.34761142247131e-01,8.44189599412710e-01,8.55617944088411e-01,6.75482629312910e-01,6.93081486478443e-01,6.45622110672407e-01,5.76595702466221e-01,4.51578341699569e-01,4.67074065990754e-01,5.11775560008730e-01,8.28614511616833e-01,1.00000000000000e+00,8.25777266324081e-01,7.39752544402315e-01,7.28876471762123e-01,6.47734983037318e-01,7.29335461983636e-01,6.32967471562562e-01,5.58770704450209e-01,5.43863500299341e-01,5.11374975054879e-01,5.58391538615047e-01,7.49091997605268e-01,8.84254639792457e-01,7.45499900219517e-01,6.82719508940486e-01,6.30557779556979e-01,6.52949025887377e-01,6.74926607953029e-01,4.07899653055778e-01,2.88871096877502e-01
5.65198825727248e-01,4.41246330397651e-01,4.83600213504137e-01,3.49986655991460e-01,1.52148385374967e-01,9.00173472111022e-01,4.40899386175607e-01,5.59180677875634e-01,6.15292233787030e-01,7.33947157726181e-01,5.34761142247131e-01,6.82719508940486e-01,8.55617944088411e-01,6.75482629312910e-01,6.93081486478443e-01,6.45622110672407e-01,5.76595702466221e-01,4.51578341699569e-01,4.67074065990754e-01,5.11775560008730e-01,8.28614511616833e-01,1.00000000000000e+00,8.25777266324081e-01,8.80736493323545e-01,7.28876471762123e-01,6.47734983037318e-01,7.29335461983636e-01,6.32967471562562e-01,5.58770704450209e-01,5.43863500299341e-01,5.11374975054879e-01,5.58391538615047e-01,7.49091997605268e-01,8.84254639792457e-01,7.45499900219517e-01,8.77689084015167e-01,6.30557779556979e-01,6.52949025887377e-01,6.74926607953029e-01,4.07899653055778e-01,2.88871096877502e-01,9.36789431545236e-01
4.41246330397651e-01,4.83600213504137e-01,3.49986655991460e-01,1.52148385374967e-01,9.00173472111022e-01,4.40899386175607e-01,5.59180677875634e-01,6.15292233787030e-01,7.33947157726181e-01,5.34761142247131e-01,6.82719508940486e-01,6.30557779556979e-01,6.75482629312910e-01,6.93081486478443e-01,6.45622110672407e-01,5.76595702466221e-01,4.51578341699569e-01,4.67074065990754e-01,5.11775560008730e-01,8.28614511616833e-01,1.00000000000000e+00,8.25777266324081e-01,8.80736493323545e-01,8.62284478482570e-01,6.47734983037318e-01,7.29335461983636e-01,6.32967471562562e-01,5.58770704450209e-01,5.43863500299341e-01,5.11374975054879e-01,5.58391538615047e-01,7.49091997605268e-01,8.84254639792457e-01,7.45499900219517e-01,8.77689084015167e-01,8.99441229295550e-01,6.52949025887377e-01,6.74926607953029e-01,4.07899653055778e-01,2.88871096877502e-01,9.36789431545236e-01,3.96930878035762e-01
4.83600213504137e-01,3.49986655991460e-01,1.52148385374967e-01,9.00173472111022e-01,4.40899386175607e-01,5.59180677875634e-01,6.15292233787030e-01,7.33947157726181e-01,5.34761142247131e-01,6.82719508940486e-01,6.30557779556979e-01,6.52949025887377e-01,6.93081486478443e-01,6.45622110672407e-01,5.76595702466221e-01,4.51578341699569e-01,4.67074065990754e-01,5.11775560008730e-01,8.28614511616833e-01,1.00000000000000e+00,8.25777266324081e-01,8.80736493323545e-01,8.62284478482570e-01,7.15461994801690e-01,7.29335461983636e-01,6.32967471562562e-01,5.58770704450209e-01,5.43863500299341e-01,5.11374975054879e-01,5.58391538615047e-01,7.49091997605268e-01,8.84254639792457e-01,7.45499900219517e-01,8.77689084015167e-01,8.99441229295550e-01,6.95609658750748e-01,6.74926607953029e-01,4.07899653055778e-01,2.88871096877502e-01,9.36789431545236e-01,3.96930878035762e-01,3.18307979717107e-01
3.49986655991460e-01,1.52148385374967e-01,9.00173472111022e-01,4.40899386175607e-01,5.59180677875634e-01,6.15292233787030e-01,7.33947157726181e-01,5.34761142247131e-01,6.82719508940486e-01,6.30557779556979e-01,6.52949025887377e-01,6.74926607953029e-01,6.45622110672407e-01,5.76595702466221e-01,4.51578341699569e-01,4.67074065990754e-01,5.11775560008730e-01,8.28614511616833e-01,1.00000000000000e+00,8.25777266324081e-01,8.80736493323545e-01,8.62284478482570e-01,7.15461994801690e-01,7.70242653915597e-01,6.32967471562562e-01,5.58770704450209e-01,5.43863500299341e-01,5.11374975054879e-01,5.58391538615047e-01,7.49091997605268e-01,8.84254639792457e-01,7.45499900219517e-01,8.77689084015167e-01,8.99441229295550e-01,6.95609658750748e-01,7.78547196168429e-01,4.07899653055778e-01,2.88871096877502e-01,9.36789431545236e-01,3.96930878035762e-01,3.18307979717107e-01,3.41126234320790e-01
1.52148385374967e-01,9.00173472111022e-01,4.40899386175607e-01,5.59180677875634e-01,6.15292233787030e-01,7.33947157726181e-01,5.34761142247131e-01,6.82719508940486e-01,6.30557779556979e-01,6.52949025887377e-01,6.74926607953029e-01,4.07899653055778e-01,5.76595702466221e-01,4.51578341699569e-01,4.67074065990754e-01,5.11775560008730e-01,8.28614511616833e-01,1.00000000000000e+00,8.25777266324081e-01,8.80736493323545e-01,8.62284478482570e-01,7.15461994801690e-01,7.70242653915597e-01,6.82545981230531e-01,5.58770704450209e-01,5.43863500299341e-01,5.11374975054879e-01,5.58391538615047e-01,7.49091997605268e-01,8.84254639792457e-01,7.45499900219517e-01,8.77689084015167e-01,8.99441229295550e-01,6.95609658750748e-01,7.78547196168429e-01,6.52245060866095e-01,2.88871096877502e-01,9.36789431545236e-01,3.96930878035762e-01,3.18307979717107e-01,3.41126234320790e-01,3.74966639978650e-01
9.00173472111022e-01,4.40899386175607e-01,5.59180677875634e-01,6.15292233787030e-01,7.33947157726181e-01,5.34761142247131e-01,6.82719508940486e-01,6.30557779556979e-01,6.52949025887377e-01,6.74926607953029e-01,4.07899653055778e-01,2.88871096877502e-01,4.51578341699569e-01,4.67074065990754e-01,5.11775560008730e-01,8.28614511616833e-01,1.00000000000000e+00,8.25777266324081e-01,8.80736493323545e-01,8.62284478482570e-01,7.15461994801690e-01,7.70242653915597e-01,6.82545981230531e-01,4.08345072518402e-01,5.43863500299341e-01,5.11374975054879e-01,5.58391538615047e-01,7.49091997605268e-01,8.84254639792457e-01,7.45499900219517e-01,8.77689084015167e-01,8.99441229295550e-01,6.95609658750748e-01,7.78547196168429e-01,6.52245060866095e-01,5.01935741368988e-01,9.36789431545236e-01,3.96930878035762e-01,3.18307979717107e-01,3.41126234320790e-01,3.74966639978650e-01,3.24833199893248e-01
4.40899386175607e-01,5.59180677875634e-01,6.15292233787030e-01,7.33947157726181e-01,5.34761142247131e-01,6.82719508940486e-01,6.30557779556979e-01,6.52949025887377e-01,6.74926607953029e-01,4.07899653055778e-01,2.88871096877502e-01,9.36789431545236e-01,4.67074065990754e-01,5.11775560008730e-01,8.28614511616833e-01,1.00000000000000e+00,8.25777266324081e-01,8.80736493323545e-01,8.62284478482570e-01,7.15461994801690e-01,7.70242653915597e-01,6.82545981230531e-01,4.08345072518402e-01,3.65488779984524e-01,5.11374975054879e-01,5.58391538615047e-01,7.49091997605268e-01,8.84254639792457e-01,7.45499900219517e-01,8.77689084015167e-01,8.99441229295550e-01,6.95609658750748e-01,7.78547196168429e-01,6.52245060866095e-01,5.01935741368988e-01,5.11414887248054e-01,3.96930878035762e-01,3.18307979717107e-01,3.41126234320790e-01,3.74966639978650e-01,3.24833199893248e-01,4.31331732052309e-01
5.59180677875634e-01,6.15292233787030e-01,7.33947157726181e-01,5.34761142247131e-01,6.82719508940486e-01,6.30557779556979e-01,6.52949025887377e-01,6.74926607953029e-01,4.07899653055778e-01,2.88871096877502e-01,9.36789431545236e-01,3.96930878035762e-01,5.11775560008730e-01,8.28614511616833e-01,1.00000000000000e+00,8.25777266324081e-01,8.80736493323545e-01,8.62284478482570e-01,7.15461994801690e-01,7.70242653915597e-01,6.82545981230531e-01,4.08345072518402e-01,3.65488779984524e-01,3.97630999384933e-01,5.58391538615047e-01,7.49091997605268e-01,8.84254639792457e-01,7.45499900219517e-01,8.77689084015167e-01,8.99441229295550e-01,6.95609658750748e-01,7.78547196168429e-01,6.52245060866095e-01,5.01935741368988e-01,5.11414887248054e-01,5.28617042506486e-01,3.18307979717107e-01,3.41126234320790e-01,3.74966639978650e-01,3.24833199893248e-01,4.31331732052309e-01,4.02161729383507e-01
6.15292233787030e-01,7.33947157726181e-01,5.34761142247131e-01,6.82719508940486e-01,6.30557779556979e-01,6.52949025887377e-01,6.74926607953029e-01,4.07899653055778e-01,2.88871096877502e-01,9.36789431545236e-01,3.96930878035762e-01,3.18307979717107e-01,8.28614511616833e-01,1.00000000000000e+00,8.25777266324081e-01,8.80736493323545e-01,8.62284478482570e-01,7.15461994801690e-01,7.70242653915597e-01,6.82545981230531e-01,4.08345072518402e-01,3.65488779984524e-01,3.97630999384933e-01,3.69853772742604e-01,7.49091997605268e-01,8.84254639792457e-01,7.45499900219517e-01,8.77689084015167e-01,8.99441229295550e-01,6.95609658750748e-01,7.78547196168429e-01,6.52245060866095e-01,5.01935741368988e-01,5.11414887248054e-01,5.28617042506486e-01,5.04669726601477e-01,3.41126234320790e-01,3.74966639978650e-01,3.24833199893248e-01,4.31331732052309e-01,4.02161729383507e-01,3.98145182812917e-01
7.33947157726181e-01,5.34761142247131e-01,6.82719508940486e-01,6.30557779556979e-01,6.52949025887377e-01,6.74926607953029e-01,4.07899653055778e-01,2.88871096877502e-01,9.36789431545236e-01,3.96930878035762e-01,3.18307979717107e-01,3.41126234320790e-01,1.00000000000000e+00,8.25777266324081e-01,8.80736493323545e-01,8.62284478482570e-01,7.15461994801690e-01,7.70242653915597e-01,6.82545981230531e-01,4.08345072518402e-01,3.65488779984524e-01,3.97630999384933e-01,3.69853772742604e-01,6.12646574472729e-01,8.84254639792457e-01,7.45499900219517e-01,8.77689084015167e-01,8.99441229295550e-01,6.95609658750748e-01,7.78547196168429e-01,6.52245060866095e-01,5.01935741368988e-01,5.11414887248054e-01,5.28617042506486e-01,5.04669726601477e-01,5.98343643983237e-01,3.74966639978650e-01,3.24833199893248e-01,4.31331732052309e-01,4.02161729383507e-01,3.98145182812917e-01,3.31104883907126e-01
5.34761142247131e-01,6.82719508940486e-01,6.30557779556979e-01,6.52949025887377e-01,6.74926607953029e-01,4.07899653055778e-01,2.88871096877502e-01,9.36789431545236e-01,3.96930878035762e-01,3.18307979717107e-01,3.41126234320790e-01,3.74966639978650e-01,8.25777266324081e-01,8.80736493323545e-01,8.62284478482570e-01,7.15461994801690e-01,7.70242653915597e-01,6.82545981230531e-01,4.08345072518402e-01,3.65488779984524e-01,3.97630999384933e-01,3.69853772742604e-01,6.12646574472729e-01,7.51790639074622e-01,7.45499900219517e-01,8.77689084015167e-01,8.99441229295550e-01,6.95609658750748e-01,7.78547196168429e-01,6.52245060866095e-01,5.01935741368988e-01,5.11414887248054e-01,5.28617042506486e-01,5.04669726601477e-01,5.98343643983237e-01,6.44661744162842e-01,3.24833199893248e-01,4.31331732052309e-01,4.02161729383507e-01,3.98145182812917e-01,3.31104883907126e-01,1.76527888977849e-01
6.82719508940486e-01,6.30557779556979e-01,6.52949025887377e-01,6.74926607953029e-01,4.07899653055778e-01,2.88871096877502e-01,9.36789431545236e-01,3.96930878035762e-01,3.18307979717107e-01,3.41126234320790e-01,3.74966639978650e-01,3.24833199893248e-01,8.80736493323545e-01,8.62284478482570e-01,7.15461994801690e-01,7.70242653915597e-01,6.82545981230531e-01,4.08345072518402e-01,3.65488779984524e-01,3.97630999384933e-01,3.69853772742604e-01,6.12646574472729e-01,7.51790639074622e-01,7.73615602865023e-01,8.77689084015167e-01,8.99441229295550e-01,6.95609658750748e-01,7.78547196168429e-01,6.52245060866095e-01,5.01935741368988e-01,5.11414887248054e-01,5.28617042506486e-01,5.04669726601477e-01,5.98343643983237e-01,6.44661744162842e-01,7.11255238475354e-01,4.31331732052309e-01,4.02161729383507e-01,3.98145182812917e-01,3.31104883907126e-01,1.76527888977849e-01,8.33600213504137e-02
6.30557779556979e-01,6.52949025887377e-01,6.74926607953029e-01,4.07899653055778e-01,2.88871096877502e-01,9.36789431545236e-01,3.96930878035762e-01,3.18307979717107e-01,3.41126234320790e-01,3.74966639978650e-01,3.24833199893248e-01,4.31331732052309e-01,8.62284478482570e-01,7.15461994801690e-01,7.70242653915597e-01,6.82545981230531e-01,4.08345072518402e-01,3.65488779984524e-01,3.97630999384933e-01,3.69853772742604e-01,6.12646574472729e-01,7.51790639074622e-01,7.73615602865023e-01,6.61514652487054e-01,8.99441229295550e-01,6.95609658750748e-01,7.78547196168429e-01,6.52245060866095e-01,5.01935741368988e-01,5.11414887248054e-01,5.28617042506486e-01,5.04669726601477e-01,5.98343643983237e-01,6.44661744162842e-01,7.11255238475354e-01,6.48154061065656e-01,4.02161729383507e-01,3.98145182812917e-01,3.31104883907126e-01,1.76527888977849e-01,8.33600213504137e-02,4.63730984787830e-01
6.52949025887377e-01,6.74926607953029e-01,4.07899653055778e-01,2.88871096877502e-01,9.36789431545236e-01,3.96930878035762e-01,3.18307979717107e-01,3.41126234320790e-01,3.74966639978650e-01,3.24833199893248e-01,4.31331732052309e-01,4.02161729383507e-01,7.15461994801690e-01,7.70242653915597e-01,6.82545981230531e-01,4.08345072518402e-01,3.65488779984524e-01,3.97630999384933e-01,3.69853772742604e-01,6.12646574472729e-01,7.51790639074622e-01,7.73615602865023e-01,6.61514652487054e-01,6.36911966032420e-01,6.95609658750748e-01,7.78547196168429e-01,6.52245060866095e-01,5.01935741368988e-01,5.11414887248054e-01,5.28617042506486e-01,5.04669726601477e-01,5.98343643983237e-01,6.44661744162842e-01,7.11255238475354e-01,6.48154061065656e-01,5.94951107563361e-01,3.98145182812917e-01,3.31104883907126e-01,1.76527888977849e-01,8.33600213504137e-02,4.63730984787830e-01,2.21230317587403e-01
6.74926607953029e-01,4.07899653055778e-01,2.88871096877502e-01,9.36789431545236e-01,3.96930878035762e-01,3.18307979717107e-01,3.41126234320790e-01,3.74966639978650e-01,3.24833199893248e-01,4.31331732052309e-01,4.02161729383507e-01,3.98145182812917e-01,7.70242653915597e-01,6.82545981230531e-01,4.08345072518402e-01,3.65488779984524e-01,3.97630999384933e-01,3.69853772742604e-01,6.12646574472729e-01,7.51790639074622e-01,7.73615602865023e-01,6.61514652487054e-01,6.36911966032420e-01,5.21239657943295e-01,7.78547196168429e-01,6.52245060866095e-01,5.01935741368988e-01,5.11414887248054e-01,5.28617042506486e-01,5.04669726601477e-01,5.98343643983237e-01,6.44661744162842e-01,7.11255238475354e-01,6.48154061065656e-01,5.94951107563361e-01,5.66633406505687e-01,3.31104883907126e-01,1.76527888977849e-01,8.33600213504137e-02,4.63730984787830e-01,2.21230317587403e-01,2.80731251668001e-01
4.07899653055778e-01,2.88871096877502e-01,9.36789431545236e-01,3.96930878035762e-01,3.18307979717107e-01,3.41126234320790e-01,3.74966639978650e-01,3.24833199893248e-01,4.31331732052309e-01,4.02161729383507e-01,3.98145182812917e-01,3.31104883907126e-01,6.82545981230531e-01,4.08345072518402e-01,3.65488779984524e-01,3.97630999384933e-01,3.69853772742604e-01,6.12646574472729e-01,7.51790639074622e-01,7.73615602865023e-01,6.61514652487054e-01,6.36911966032420e-01,5.21239657943295e-01,5.11517628618480e-01,6.52245060866095e-01,5.01935741368988e-01,5.11414887248054e-01,5.28617042506486e-01,5.04669726601477e-01,5.98343643983237e-01,6.44661744162842e-01,7.11255238475354e-01,6.48154061065656e-01,5.94951107563361e-01,5.66633406505687e-01,5.71562562362802e-01,1.76527888977849e-01,8.33600213504137e-02,4.63730984787830e-01,2.21230317587403e-01,2.80731251668001e-01,3.13584200693888e-01
2.88871096877502e-01,9.36789431545236e-01,3.96930878035762e-01,3.18307979717107e-01,3.41126234320790e-01,3.74966639978650e-01,3.24833199893248e-01,4.31331732052309e-01,4.02161729383507e-01,3.98145182812917e-01,3.31104883907126e-01,1.76527888977849e-01,4.08345072518402e-01,3.65488779984524e-01,3.97630999384933e-01,3.69853772742604e-01,6.12646574472729e-01,7.51790639074622e-01,7.73615602865023e-01,6.61514652487054e-01,6.36911966032420e-01,5.21239657943295e-01,5.11517628618480e-01,3.75012400547608e-01,5.01935741368988e-01,5.11414887248054e-01,5.28617042506486e-01,5.04669726601477e-01,5.98343643983237e-01,6.44661744162842e-01,7.11255238475354e-01,6.48154061065656e-01,5.94951107563361e-01,5.66633406505687e-01,5.71562562362802e-01,4.20275394132908e-01,8.33600213504137e-02,4.63730984787830e-01,2.21230317587403e-01,2.80731251668001e-01,3.13584200693888e-01,2.68401387776888e-01
9.36789431545236e-01,3.96930878035762e-01,3.18307979717107e-01,3.41126234320790e-01,3.74966639978650e-01,3.24833199893248e-01,4.31331732052309e-01,4.02161729383507e-01,3.98145182812917e-01,3.31104883907126e-01,1.76527888977849e-01,8.33600213504137e-02,3.65488779984524e-01,3.97630999384933e-01,3.69853772742604e-01,6.12646574472729e-01,7.51790639074622e-01,7.73615602865023e-01,6.61514652487054e-01,6.36911966032420e-01,5.21239657943295e-01,5.11517628618480e-01,3.75012400547608e-01,2.34935814765580e-01,5.11414887248054e-01,5.28617042506486e-01,5.04669726601477e-01,5.98343643983237e-01,6.44661744162842e-01,7.11255238475354e-01,6.48154061065656e-01,5.94951107563361e-01,5.66633406505687e-01,5.71562562362802e-01,4.20275394132908e-01,3.65396128517262e-01,4.63730984787830e-01,2.21230317587403e-01,2.80731251668001e-01,3.13584200693888e-01,2.68401387776888e-01,3.55978115825994e-01
3.96930878035762e-01,3.18307979717107e-01,3.41126234320790e-01,3.74966639978650e-01,3.24833199893248e-01,4.31331732052309e-01,4.02161729383507e-01,3.98145182812917e-01,3.31104883907126e-01,1.76527888977849e-01,8.33600213504137e-02,4.63730984787830e-01,3.97630999384933e-01,3.69853772742604e-01,6.12646574472729e-01,7.51790639074622e-01,7.73615602865023e-01,6.61514652487054e-01,6.36911966032420e-01,5.21239657943295e-01,5.11517628618480e-01,3.75012400547608e-01,2.34935814765580e-01,8.09706156623877e-02,5.28617042506486e-01,5.04669726601477e-01,5.98343643983237e-01,6.44661744162842e-01,7.11255238475354e-01,6.48154061065656e-01,5.94951107563361e-01,5.66633406505687e-01,5.71562562362802e-01,4.20275394132908e-01,3.65396128517262e-01,3.08321692276991e-01,2.21230317587403e-01,2.80731251668001e-01,3.13584200693888e-01,2.68401387776888e-01,3.55978115825994e-01,3.96116893514812e-01
3.18307979717107e-01,3.41126234320790e-01,3.74966639978650e-01,3.24833199893248e-01,4.31331732052309e-01,4.02161729383507e-01,3.98145182812917e-01,3.31104883907126e-01,1.76527888977849e-01,8.33600213504137e-02,4.63730984787830e-01,2.21230317587403e-01,3.69853772742604e-01,6.12646574472729e-01,7.51790639074622e-01,7.73615602865023e-01,6.61514652487054e-01,6.36911966032420e-01,5.21239657943295e-01,5.11517628618480e-01,3.75012400547608e-01,2.34935814765580e-01,8.09706156623877e-02,9.48592289835519e-02,5.04669726601477e-01,5.98343643983237e-01,6.44661744162842e-01,7.11255238475354e-01,6.48154061065656e-01,5.94951107563361e-01,5.66633406505687e-01,5.71562562362802e-01,4.20275394132908e-01,3.65396128517262e-01,3.08321692276991e-01,2.67212133306725e-01,2.80731251668001e-01,3.13584200693888e-01,2.68401387776888e-01,3.55978115825994e-01,3.96116893514812e-01,3.43274619695757e-01
3.41126234320790e-01,3.74966639978650e-01,3.24833199893248e-01,4.31331732052309e-01,4.02161729383507e-01,3.98145182812917e-01,3.31104883907126e-01,1.76527888977849e-01,8.33600213504137e-02,4.63730984787830e-01,2.21230317587403e-01,2.80731251668001e-01,6.12646574472729e-01,7.51790639074622e-01,7.73615602865023e-01,6.61514652487054e-01,6.36911966032420e-01,5.21239657943295e-01,5.11517628618480e-01,3.75012400547608e-01,2.34935814765580e-01,8.09706156623877e-02,9.48592289835519e-02,1.98627011368822e-01,5.98343643983237e-01,6.44661744162842e-01,7.11255238475354e-01,6.48154061065656e-01,5.94951107563361e-01,5.66633406505687e-01,5.71562562362802e-01,4.20275394132908e-01,3.65396128517262e-01,3.08321692276991e-01,2.67212133306725e-01,4.77349830373179e-01,3.13584200693888e-01,2.68401387776888e-01,3.55978115825994e-01,3.96116893514812e-01,3.43274619695757e-01,4.52215105417667e-01
3.74966639978650e-01,3.24833199893248e-01,4.31331732052309e-01,4.02161729383507e-01,3.98145182812917e-01,3.31104883907126e-01,1.76527888977849e-01,8.33600213504137e-02,4.63730984787830e-01,2.21230317587403e-01,2.80731251668001e-01,3.13584200693888e-01,7.51790639074622e-01,7.73615602865023e-01,6.61514652487054e-01,6.36911966032420e-01,5.21239657943295e-01,5.11517628618480e-01,3.75012400547608e-01,2.34935814765580e-01,8.09706156623877e-02,9.48592289835519e-02,1.98627011368822e-01,3.48624035237396e-01,6.44661744162842e-01,7.11255238475354e-01,6.48154061065656e-01,5.94951107563361e-01,5.66633406505687e-01,5.71562562362802e-01,4.20275394132908e-01,3.65396128517262e-01,3.08321692276991e-01,2.67212133306725e-01,4.77349830373179e-01,4.58391538615047e-01,2.68401387776888e-01,3.55978115825994e-01,3.96116893514812e-01,3.43274619695757e-01,4.52215105417667e-01,3.89258073125167e-01
3.24833199893248e-01,4.31331732052309e-01,4.02161729383507e-01,3.98145182812917e-01,3.31104883907126e-01,1.76527888977849e-01,8.33600213504137e-02,4.63730984787830e-01,2.21230317587403e-01,2.80731251668001e-01,3.13584200693888e-01,2.68401387776888e-01,7.73615602865023e-01,6.61514652487054e-01,6.36911966032420e-01,5.21239657943295e-01,5.11517628618480e-01,3.75012400547608e-01,2.34935814765580e-01,8.09706156623877e-02,9.48592289835519e-02,1.98627011368822e-01,3.48624035237396e-01,3.59734925894327e-01,7.11255238475354e-01,6.48154061065656e-01,5.94951107563361e-01,5.66633406505687e-01,5.71562562362802e-01,4.20275394132908e-01,3.65396128517262e-01,3.08321692276991e-01,2.67212133306725e-01,4.77349830373179e-01,4.58391538615047e-01,4.64577928557174e-01,3.55978115825994e-01,3.96116893514812e-01,3.43274619695757e-01,4.52215105417667e-01,3.89258073125167e-01,2.95996797437950e-01
4.31331732052309e-01,4.02161729383507e-01,3.98145182812917e-01,3.31104883907126e-01,1.76527888977849e-01,8.33600213504137e-02,4.63730984787830e-01,2.21230317587403e-01,2.80731251668001e-01,3.13584200693888e-01,2.68401387776888e-01,3.55978115825994e-01,6.61514652487054e-01,6.36911966032420e-01,5.21239657943295e-01,5.11517628618480e-01,3.75012400547608e-01,2.34935814765580e-01,8.09706156623877e-02,9.48592289835519e-02,1.98627011368822e-01,3.48624035237396e-01,3.59734925894327e-01,5.25803059463106e-01,6.48154061065656e-01,5.94951107563361e-01,5.66633406505687e-01,5.71562562362802e-01,4.20275394132908e-01,3.65396128517262e-01,3.08321692276991e-01,2.67212133306725e-01,4.77349830373179e-01,4.58391538615047e-01,4.64577928557174e-01,6.18239872280982e-01,3.96116893514812e-01,3.43274619695757e-01,4.52215105417667e-01,3.89258073125167e-01,2.95996797437950e-01,1.05070723245263e-01
4.02161729383507e-01,3.98145182812917e-01,3.31104883907126e-01,1.76527888977849e-01,8.33600213504137e-02,4.63730984787830e-01,2.21230317587403e-01,2.80731251668001e-01,3.13584200693888e-01,2.68401387776888e-01,3.55978115825994e-01,3.96116893514812e-01,6.36911966032420e-01,5.21239657943295e-01,5.11517628618480e-01,3.75012400547608e-01,2.34935814765580e-01,8.09706156623877e-02,9.48592289835519e-02,1.98627011368822e-01,3.48624035237396e-01,3.59734925894327e-01,5.25803059463106e-01,4.32154123926113e-01,5.94951107563361e-01,5.66633406505687e-01,5.71562562362802e-01,4.20275394132908e-01,3.65396128517262e-01,3.08321692276991e-01,2.67212133306725e-01,4.77349830373179e-01,4.58391538615047e-01,4.64577928557174e-01,6.18239872280982e-01,5.99680702454600e-01,3.43274619695757e-01,4.52215105417667e-01,3.89258073125167e-01,2.95996797437950e-01,1.05070723245263e-01,3.70509741126234e-01
3.98145182812917e-01,3.31104883907126e-01,1.76527888977849e-01,8.33600213504137e-02,4.63730984787830e-01,2.21230317587403e-01,2.80731251668001e-01,3.13584200693888e-01,2.68401387776888e-01,3.55978115825994e-01,3.96116893514812e-01,3.43274619695757e-01,5.21239657943295e-01,5.11517628618480e-01,3.75012400547608e-01,2.34935814765580e-01,8.09706156623877e-02,9.48592289835519e-02,1.98627011368822e-01,3.48624035237396e-01,3.59734925894327e-01,5.25803059463106e-01,4.32154123926113e-01,3.45647903811432e-01,5.66633406505687e-01,5.71562562362802e-01,4.20275394132908e-01,3.65396128517262e-01,3.08321692276991e-01,2.67212133306725e-01,4.77349830373179e-01,4.58391538615047e-01,4.64577928557174e-01,6.18239872280982e-01,5.99680702454600e-01,5.54380363200958e-01,4.52215105417667e-01,3.89258073125167e-01,2.95996797437950e-01,1.05070723245263e-01,3.70509741126234e-01,2.88951160928743e-01
3.31104883907126e-01,1.76527888977849e-01,8.33600213504137e-02,4.63730984787830e-01,2.21230317587403e-01,2.80731251668001e-01,3.13584200693888e-01,2.68401387776888e-01,3.55978115825994e-01,3.96116893514812e-01,3.43274619695757e-01,4.52215105417667e-01,5.11517628618480e-01,3.75012400547608e-01,2.34935814765580e-01,8.09706156623877e-02,9.48592289835519e-02,1.98627011368822e-01,3.48624035237396e-01,3.59734925894327e-01,5.25803059463106e-01,4.32154123926113e-01,3.45647903811432e-01,3.53187436757207e-01,5.71562562362802e-01,4.20275394132908e-01,3.65396128517262e-01,3.08321692276991e-01,2.67212133306725e-01,4.77349830373179e-01,4.58391538615047e-01,4.64577928557174e-01,6.18239872280982e-01,5.99680702454600e-01,5.54380363200958e-01,5.71742167232089e-01,3.89258073125167e-01,2.95996797437950e-01,1.05070723245263e-01,3.70509741126234e-01,2.88951160928743e-01,3.83960501734721e-01
1.76527888977849e-01,8.33600213504137e-02,4.63730984787830e-01,2.21230317587403e-01,2.80731251668001e-01,3.13584200693888e-01,2.68401387776888e-01,3.55978115825994e-01,3.96116893514812e-01,3.43274619695757e-01,4.52215105417667e-01,3.89258073125167e-01,3.75012400547608e-01,2.34935814765580e-01,8.09706156623877e-02,9.48592289835519e-02,1.98627011368822e-01,3.48624035237396e-01,3.59734925894327e-01,5.25803059463106e-01,4.32154123926113e-01,3.45647903811432e-01,3.53187436757207e-01,3.26005436400071e-01,4.20275394132908e-01,3.65396128517262e-01,3.08321692276991e-01,2.67212133306725e-01,4.77349830373179e-01,4.58391538615047e-01,4.64577928557174e-01,6.18239872280982e-01,5.99680702454600e-01,5.54380363200958e-01,5.71742167232089e-01,4.54999002195171e-01,2.95996797437950e-01,1.05070723245263e-01,3.70509741126234e-01,2.88951160928743e-01,3.83960501734721e-01,4.00667200427008e-01
8.33600213504137e-02,4.63730984787830e-01,2.21230317587403e-01,2.80731251668001e-01,3.13584200693888e-01,2.68401387776888e-01,3.55978115825994e-01,3.96116893514812e-01,3.43274619695757e-01,4.52215105417667e-01,3.89258073125167e-01,2.95996797437950e-01,2.34935814765580e-01,8.09706156623877e-02,9.48592289835519e-02,1.98627011368822e-01,3.48624035237396e-01,3.59734925894327e-01,5.25803059463106e-01,4.32154123926113e-01,3.45647903811432e-01,3.53187436757207e-01,3.26005436400071e-01,1.21247594293764e-01,3.65396128517262e-01,3.08321692276991e-01,2.67212133306725e-01,4.77349830373179e-01,4.58391538615047e-01,4.64577928557174e-01,6.18239872280982e-01,5.99680702454600e-01,5.54380363200958e-01,5.71742167232089e-01,4.54999002195171e-01,4.15286369986031e-01,1.05070723245263e-01,3.70509741126234e-01,2.88951160928743e-01,3.83960501734721e-01,4.00667200427008e-01,3.87643448091807e-01
4.63730984787830e-01,2.21230317587403e-01,2.80731251668001e-01,3.13584200693888e-01,2.68401387776888e-01,3.55978115825994e-01,3.96116893514812e-01,3.43274619695757e-01,4.52215105417667e-01,3.89258073125167e-01,2.95996797437950e-01,1.05070723245263e-01,8.09706156623877e-02,9.48592289835519e-02,1.98627011368822e-01,3.48624035237396e-01,3.59734925894327e-01,5.25803059463106e-01,4.32154123926113e-01,3.45647903811432e-01,3.53187436757207e-01,3.26005436400071e-01,1.21247594293764e-01,4.38483363425329e-03,3.08321692276991e-01,2.67212133306725e-01,4.77349830373179e-01,4.58391538615047e-01,4.64577928557174e-01,6.18239872280982e-01,5.99680702454600e-01,5.54380363200958e-01,5.71742167232089e-01,4.54999002195171e-01,4.15286369986031e-01,3.71382957493514e-01,3.70509741126234e-01,2.88951160928743e-01,3.83960501734721e-01,4.00667200427008e-01,3.87643448091807e-01,3.24406191619963e-01
2.21230317587403e-01,2.80731251668001e-01,3.13584200693888e-01,2.68401387776888e-01,3.55978115825994e-01,3.96116893514812e-01,3.43274619695757e-01,4.52215105417667e-01,3.89258073125167e-01,2.95996797437950e-01,1.05070723245263e-01,3.70509741126234e-01,9.48592289835519e-02,1.98627011368822e-01,3.48624035237396e-01,3.59734925894327e-01,5.25803059463106e-01,4.32154123926113e-01,3.45647903811432e-01,3.53187436757207e-01,3.26005436400071e-01,1.21247594293764e-01,4.38483363425329e-03,9.64464990773993e-02,2.67212133306725e-01,4.77349830373179e-01,4.58391538615047e-01,4.64577928557174e-01,6.18239872280982e-01,5.99680702454600e-01,5.54380363200958e-01,5.71742167232089e-01,4.54999002195171e-01,4.15286369986031e-01,3.71382957493514e-01,2.77788864498104e-01,2.88951160928743e-01,3.83960501734721e-01,4.00667200427008e-01,3.87643448091807e-01,3.24406191619963e-01,4.41353082465973e-01
2.80731251668001e-01,3.13584200693888e-01,2.68401387776888e-01,3.55978115825994e-01,3.96116893514812e-01,3.43274619695757e-01,4.52215105417667e-01,3.89258073125167e-01,2.95996797437950e-01,1.05070723245263e-01,3.70509741126234e-01,2.88951160928743e-01,1.98627011368822e-01,3.48624035237396e-01,3.59734925894327e-01,5.25803059463106e-01,4.32154123926113e-01,3.45647903811432e-01,3.53187436757207e-01,3.26005436400071e-01,1.21247594293764e-01,4.38483363425329e-03,9.64464990773993e-02,1.49620047221285e-01,4.77349830373179e-01,4.58391538615047e-01,4.64577928557174e-01,6.18239872280982e-01,5.99680702454600e-01,5.54380363200958e-01,5.71742167232089e-01,4.54999002195171e-01,4.15286369986031e-01,3.71382957493514e-01,2.77788864498104e-01,2.74196767112353e-01,3.83960501734721e-01,4.00667200427008e-01,3.87643448091807e-01,3.24406191619963e-01,4.41353082465973e-01,5.22978382706165e-01
3.13584200693888e-01,2.68401387776888e-01,3.55978115825994e-01,3.96116893514812e-01,3.43274619695757e-01,4.52215105417667e-01,3.89258073125167e-01,2.95996797437950e-01,1.05070723245263e-01,3.70509741126234e-01,2.88951160928743e-01,3.83960501734721e-01,3.48624035237396e-01,3.59734925894327e-01,5.25803059463106e-01,4.32154123926113e-01,3.45647903811432e-01,3.53187436757207e-01,3.26005436400071e-01,1.21247594293764e-01,4.38483363425329e-03,9.64464990773993e-02,1.49620047221285e-01,2.05372909267673e-01,4.58391538615047e-01,4.64577928557174e-01,6.18239872280982e-01,5.99680702454600e-01,5.54380363200958e-01,5.71742167232089e-01,4.54999002195171e-01,4.15286369986031e-01,3.71382957493514e-01,2.77788864498104e-01,2.74196767112353e-01,4.06705248453403e-01,4.00667200427008e-01,3.87643448091807e-01,3.24406191619963e-01,4.41353082465973e-01,5.22978382706165e-01,4.95329597010942e-01
2.68401387776888e-01,3.55978115825994e-01,3.96116893514812e-01,3.43274619695757e-01,4.52215105417667e-01,3.89258073125167e-01,2.95996797437950e-01,1.05070723245263e-01,3.70509741126234e-01,2.88951160928743e-01,3.83960501734721e-01,4.00667200427008e-01,3.59734925894327e-01,5.25803059463106e-01,4.32154123926113e-01,3.45647903811432e-01,3.53187436757207e-01,3.26005436400071e-01,1.21247594293764e-01,4.38483363425329e-03,9.64464990773993e-02,1.49620047221285e-01,2.05372909267673e-01,2.68665304259836e-01,4.64577928557174e-01,6.18239872280982e-01,5.99680702454600e-01,5.54380363200958e-01,5.71742167232089e-01,4.54999002195171e-01,4.15286369986031e-01,3.71382957493514e-01,2.77788864498104e-01,2.74196767112353e-01,4.06705248453403e-01,3.41448812612253e-01,3.87643448091807e-01,3.24406191619963e-01,4.41353082465973e-01,5.22978382706165e-01,4.95329597010942e-01,4.02708833733654e-01
3.55978115825994e-01,3.96116893514812e-01,3.43274619695757e-01,4.52215105417667e-01,3.89258073125167e-01,2.95996797437950e-01,1.05070723245263e-01,3.70509741126234e-01,2.88951160928743e-01,3.83960501734721e-01,4.00667200427008e-01,3.87643448091807e-01,5.25803059463106e-01,4.32154123926113e-01,3.45647903811432e-01,3.53187436757207e-01,3.26005436400071e-01,1.21247594293764e-01,4.38483363425329e-03,9.64464990773993e-02,1.49620047221285e-01,2.05372909267673e-01,2.68665304259836e-01,3.93266006626853e-01,6.18239872280982e-01,5.99680702454600e-01,5.54380363200958e-01,5.71742167232089e-01,4.54999002195171e-01,4.15286369986031e-01,3.71382957493514e-01,2.77788864498104e-01,2.74196767112353e-01,4.06705248453403e-01,3.41448812612253e-01,4.44222710037917e-01,3.24406191619963e-01,4.41353082465973e-01,5.22978382706165e-01,4.95329597010942e-01,4.02708833733654e-01,3.57672804910595e-01
3.96116893514812e-01,3.43274619695757e-01,4.52215105417667e-01,3.89258073125167e-01,2.95996797437950e-01,1.05070723245263e-01,3.70509741126234e-01,2.88951160928743e-01,3.83960501734721e-01,4.00667200427008e-01,3.87643448091807e-01,3.24406191619963e-01,4.32154123926113e-01,3.45647903811432e-01,3.53187436757207e-01,3.26005436400071e-01,1.21247594293764e-01,4.38483363425329e-03,9.64464990773993e-02,1.49620047221285e-01,2.05372909267673e-01,2.68665304259836e-01,3.93266006626853e-01,3.76202853117994e-01,5.99680702454600e-01,5.54380363200958e-01,5.71742167232089e-01,4.54999002195171e-01,4.15286369986031e-01,3.71382957493514e-01,2.77788864498104e-01,2.74196767112353e-01,4.06705248453403e-01,3.41448812612253e-01,4.44222710037917e-01,4.89323488325684e-01,4.41353082465973e-01,5.22978382706165e-01,4.95329597010942e-01,4.02708833733654e-01,3.57672804910595e-01,1.85788630904724e-01
